Src,Eqid,Version,Datetime,Lat,Lon,Magnitude,Depth,NST,Region
hv,60427601,1,"Monday, November  5, 2012 20:03:30 UTC",19.4308,-155.4822,1.8,8.60,10,"Island of Hawaii, Hawaii"
ci,15241585,0,"Monday, November  5, 2012 19:31:14 UTC",35.0000,-117.7177,1.4,0.00,24,"Southern California"
nc,71876240,0,"Monday, November  5, 2012 19:24:53 UTC",39.0745,-123.3160,2.2,1.30,13,"Northern California"
ci,15241577,0,"Monday, November  5, 2012 19:18:32 UTC",33.0293,-116.4252,1.4,6.30,30,"Southern California"
ci,15241569,0,"Monday, November  5, 2012 18:44:33 UTC",34.3375,-116.8807,1.6,0.50,37,"Southern California"
nc,71876200,0,"Monday, November  5, 2012 18:40:41 UTC",38.7932,-122.7575,1.0,3.60,12,"Northern California"
nc,71876195,0,"Monday, November  5, 2012 18:35:04 UTC",37.6335,-118.8800,1.4,8.70,21,"Long Valley area, California"
ak,10593669,1,"Monday, November  5, 2012 18:19:38 UTC",60.0043,-152.9873,2.1,5.60, 6,"Southern Alaska"
ci,15241561,0,"Monday, November  5, 2012 17:43:46 UTC",35.9422,-117.7013,1.4,1.90,18,"Central California"
ci,15241553,0,"Monday, November  5, 2012 17:42:45 UTC",35.9478,-117.7065,1.9,4.00, 8,"Central California"
ci,15241545,0,"Monday, November  5, 2012 17:42:33 UTC",33.7027,-116.8062,1.6,19.20,90,"Southern California"
nc,71876150,3,"Monday, November  5, 2012 17:40:55 UTC",36.8948,-121.4060,2.2,9.40,74,"Central California"
ak,10593631,1,"Monday, November  5, 2012 17:21:36 UTC",64.6652,-149.6041,2.3,16.50,14,"Central Alaska"
hv,60427576,1,"Monday, November  5, 2012 16:58:38 UTC",18.9827,-155.4505,1.7,37.10,22,"Hawaii region, Hawaii"
ci,15241537,0,"Monday, November  5, 2012 16:53:31 UTC",33.5087,-116.4840,1.6,17.90,56,"Southern California"
nc,71876125,0,"Monday, November  5, 2012 16:50:39 UTC",36.0840,-120.6865,1.4,2.10,12,"Central California"
ci,15241521,0,"Monday, November  5, 2012 16:49:42 UTC",34.2513,-117.0480,1.7,6.70,85,"Southern California"
us,2012hpax,6,"Monday, November  5, 2012 16:46:00 UTC",6.7440,-72.8694,4.5,161.50,103,"northern Colombia"
ci,15241497,0,"Monday, November  5, 2012 16:40:14 UTC",32.7710,-115.8417,1.5,9.00,26,"Southern California"
ci,15241465,0,"Monday, November  5, 2012 16:23:53 UTC",33.5825,-117.3543,1.6,5.00,16,"Southern California"
us,2012hpaw,B,"Monday, November  5, 2012 16:12:16 UTC",-4.1348,142.1339,4.5,107.30,34,"New Guinea, Papua New Guinea"
nc,71876105,1,"Monday, November  5, 2012 16:11:53 UTC",39.2327,-120.1045,2.2,6.30,18,"Northern California"
nn,00392926,9,"Monday, November  5, 2012 16:05:46 UTC",40.1028,-119.9802,1.4,13.10,20,"Nevada"
us,2012hpau,5,"Monday, November  5, 2012 15:13:55 UTC",37.0568,-104.9402,2.9,5.00,16,"Colorado"
ak,10593580,1,"Monday, November  5, 2012 15:05:36 UTC",60.1987,-153.9207,2.8,189.10,17,"Southern Alaska"
ci,15241449,0,"Monday, November  5, 2012 15:00:47 UTC",33.1948,-116.0497,1.6,6.60,79,"Southern California"
nc,71876060,3,"Monday, November  5, 2012 14:03:45 UTC",38.7755,-122.7462,2.4,3.10,80,"Northern California"
ak,10593564,2,"Monday, November  5, 2012 13:47:02 UTC",61.7736,-150.5166,2.6,49.00,25,"Southern Alaska"
us,2012hpas,4,"Monday, November  5, 2012 13:40:29 UTC",23.7640,121.5074,4.6,14.20,33,"Taiwan"
ak,10593558,1,"Monday, November  5, 2012 13:36:19 UTC",62.0911,-147.6779,2.3,30.80,20,"Central Alaska"
ci,15241425,1,"Monday, November  5, 2012 13:33:29 UTC",33.9780,-117.1887,1.3,7.60,47,"Greater Los Angeles area, California"
us,b000dkje,7,"Monday, November  5, 2012 13:07:58 UTC",28.3694,86.1169,4.5,65.70,53,"western Xizang"
ak,10593550,1,"Monday, November  5, 2012 12:56:36 UTC",63.4834,-150.9152,1.6,0.00, 6,"Central Alaska"
ak,10593534,2,"Monday, November  5, 2012 12:41:14 UTC",60.8590,-152.5210,3.9,123.20,41,"Southern Alaska"
us,b000dkj6,2,"Monday, November  5, 2012 12:21:27 UTC",13.8264,-90.6112,4.4,76.40,65,"offshore Guatemala"
ak,10593524,1,"Monday, November  5, 2012 12:02:19 UTC",61.3196,-146.8553,2.3,19.80,31,"Southern Alaska"
us,b000dkil,3,"Monday, November  5, 2012 11:59:27 UTC",1.4982,128.3379,4.8,72.50,39,"Halmahera, Indonesia"
nc,71876005,1,"Monday, November  5, 2012 11:29:45 UTC",38.7933,-122.7578,2.1,4.30,39,"Northern California"
nn,00392902,9,"Monday, November  5, 2012 11:15:52 UTC",38.0397,-118.4815,1.7,12.20,15,"Nevada"
us,b000dki8,5,"Monday, November  5, 2012 10:36:17 UTC",2.6283,128.7108,4.7,46.00,43,"Halmahera, Indonesia"
ak,10593514,1,"Monday, November  5, 2012 10:10:50 UTC",63.2140,-149.9104,2.1,106.90,23,"Central Alaska"
ci,15241417,0,"Monday, November  5, 2012 10:08:10 UTC",32.7080,-116.3643,1.7,15.80,19,"Southern California"
ak,10593510,1,"Monday, November  5, 2012 09:45:04 UTC",63.0948,-150.8397,1.5,60.30, 4,"Central Alaska"
us,b000dkhv,8,"Monday, November  5, 2012 09:38:04 UTC",-37.8300,177.5600,4.1,42.00, 0,"off the east coast of the North Island of New Zealand"
pr,12310002,0,"Monday, November  5, 2012 09:31:36 UTC",19.2476,-64.0402,3.1,93.00, 3,"Virgin Islands region"
ak,10593504,1,"Monday, November  5, 2012 09:16:31 UTC",64.4044,-147.4672,1.3,9.20,11,"Central Alaska"
ak,10593500,1,"Monday, November  5, 2012 09:12:33 UTC",59.9667,-140.0681,1.6,18.40, 6,"Southeastern Alaska"
ci,15241401,0,"Monday, November  5, 2012 09:02:59 UTC",34.0527,-117.1898,1.5,13.60,36,"Greater Los Angeles area, California"
ci,15241393,0,"Monday, November  5, 2012 08:54:13 UTC",33.8855,-116.6727,1.5,14.30,66,"Southern California"
us,b000dkhr,6,"Monday, November  5, 2012 08:48:20 UTC",4.3307,125.0004,4.4,126.20,24,"Kepulauan Sangihe, Indonesia"
nc,71875945,0,"Monday, November  5, 2012 07:54:13 UTC",38.0383,-121.8955,1.7,18.20,15,"San Francisco Bay area, California"
ci,15241377,0,"Monday, November  5, 2012 07:07:02 UTC",33.2543,-115.9803,1.8,6.80,96,"Southern California"
ci,15241369,0,"Monday, November  5, 2012 06:41:53 UTC",33.9890,-117.1928,1.4,12.80,38,"Greater Los Angeles area, California"
ci,15241361,0,"Monday, November  5, 2012 06:35:15 UTC",33.9793,-117.1992,1.7,12.60,115,"Greater Los Angeles area, California"
ak,10593478,2,"Monday, November  5, 2012 06:28:48 UTC",61.9792,-151.4050,2.3,88.00,19,"Southern Alaska"
ci,15241353,0,"Monday, November  5, 2012 06:24:21 UTC",33.9812,-117.1970,2.0,11.70,124,"Greater Los Angeles area, California"
ld,60021703,1,"Monday, November  5, 2012 06:19:11 UTC",41.0752,-74.2217,2.0,5.00,24,"New Jersey"
pr,12310001,0,"Monday, November  5, 2012 06:10:30 UTC",17.8215,-65.1595,2.5,16.00, 6,"Puerto Rico region"
pr,12310000,0,"Monday, November  5, 2012 06:04:48 UTC",17.9515,-65.6720,2.1,17.00, 4,"Puerto Rico region"
hv,60427391,2,"Monday, November  5, 2012 05:49:25 UTC",19.4127,-155.2708,2.2,1.80,19,"Island of Hawaii, Hawaii"
ci,15241337,0,"Monday, November  5, 2012 04:34:29 UTC",33.4918,-116.4768,1.0,15.30,37,"Southern California"
us,b000dkgi,A,"Monday, November  5, 2012 04:30:26 UTC",37.7828,143.6511,5.7,15.90,545,"off the east coast of Honshu, Japan"
ci,15241329,0,"Monday, November  5, 2012 04:06:40 UTC",33.9573,-118.3668,2.4,9.80,74,"Greater Los Angeles area, California"
nc,71875830,0,"Monday, November  5, 2012 03:55:56 UTC",38.8110,-122.8262,1.1,2.10,22,"Northern California"
ak,10593439,2,"Monday, November  5, 2012 02:45:16 UTC",62.2475,-145.6291,2.7,27.10,16,"Central Alaska"
ak,10593427,1,"Monday, November  5, 2012 02:01:10 UTC",64.5550,-150.1937,2.0,15.80,14,"Central Alaska"
ci,15241289,1,"Monday, November  5, 2012 01:38:33 UTC",32.7733,-115.5775,2.0,5.70,40,"Southern California"
ak,10593419,2,"Monday, November  5, 2012 01:23:15 UTC",50.2166,179.2909,3.3,41.80,21,"Rat Islands, Aleutian Islands, Alaska"
ak,10593408,1,"Monday, November  5, 2012 01:00:05 UTC",62.1928,-151.2898,2.1,93.30,19,"Central Alaska"
us,b000dkfj,7,"Monday, November  5, 2012 00:55:39 UTC",4.6534,125.1305,5.2,38.40,89,"Kepulauan Sangihe, Indonesia"
nc,71875780,1,"Monday, November  5, 2012 00:31:12 UTC",36.9565,-121.4440,1.5,6.80,24,"Central California"
us,b000dkf3,7,"Monday, November  5, 2012 00:29:57 UTC",-0.1841,125.3064,5.2,28.90,89,"Molucca Sea"
ci,15241273,0,"Monday, November  5, 2012 00:26:26 UTC",34.0050,-116.5772,1.6,10.60,59,"Southern California"
us,b000dkf1,6,"Monday, November  5, 2012 00:24:43 UTC",-28.7881,61.9978,5.2,10.00,91,"Southwest Indian Ridge"
nc,71875765,0,"Monday, November  5, 2012 00:01:47 UTC",37.6450,-118.9472,1.4,7.70,22,"Long Valley area, California"
nc,71875745,5,"Sunday, November  4, 2012 23:56:32 UTC",39.7342,-122.0262,2.3,30.20,25,"Northern California"
nc,71875735,0,"Sunday, November  4, 2012 23:55:41 UTC",37.4822,-121.7618,1.4,7.70,17,"Northern California"
nc,71875730,0,"Sunday, November  4, 2012 23:54:47 UTC",38.8405,-122.8285,1.2,2.00,20,"Northern California"
nc,71875725,0,"Sunday, November  4, 2012 23:51:15 UTC",38.7728,-122.7097,1.1,3.30,15,"Northern California"
us,b000dker,7,"Sunday, November  4, 2012 23:46:39 UTC",4.5998,125.1118,5.3,43.50,123,"Kepulauan Sangihe, Indonesia"
pr,12309004,0,"Sunday, November  4, 2012 23:40:17 UTC",19.5683,-64.2855,3.3,70.00, 7,"Virgin Islands region"
ci,15241257,0,"Sunday, November  4, 2012 23:20:31 UTC",34.3388,-116.9992,2.0,8.20,117,"Southern California"
ak,10593383,2,"Sunday, November  4, 2012 23:07:36 UTC",64.5818,-135.3891,2.7,34.20, 9,"Southern Yukon Territory, Canada"
ak,10593380,2,"Sunday, November  4, 2012 23:03:55 UTC",61.6268,-146.5003,1.8,36.20, 9,"Southern Alaska"
ak,10593378,1,"Sunday, November  4, 2012 23:03:24 UTC",61.3318,-146.0670,1.9,27.10,17,"Southern Alaska"
uw,60484156,2,"Sunday, November  4, 2012 22:38:50 UTC",47.7505,-120.0777,1.9,6.80,11,"Washington"
ci,15241241,0,"Sunday, November  4, 2012 22:36:46 UTC",33.2552,-115.9783,1.9,6.20,92,"Southern California"
nc,71875625,0,"Sunday, November  4, 2012 22:24:39 UTC",38.8363,-122.7833,1.4,2.20,13,"Northern California"
ci,15241233,0,"Sunday, November  4, 2012 22:10:01 UTC",33.9475,-117.5068,1.5,7.60,11,"Greater Los Angeles area, California"
nn,00392889,9,"Sunday, November  4, 2012 22:05:50 UTC",36.5165,-115.9657,1.1,7.80,16,"Nevada"
hv,60427231,1,"Sunday, November  4, 2012 21:50:10 UTC",19.3648,-155.2308,1.7,3.20,10,"Island of Hawaii, Hawaii"
ci,15241225,0,"Sunday, November  4, 2012 21:17:40 UTC",33.4730,-116.5190,1.2,7.30,38,"Southern California"
ak,10593361,1,"Sunday, November  4, 2012 21:15:12 UTC",60.4439,-140.6537,1.7,0.10,16,"Southern Yukon Territory, Canada"
nc,71875570,1,"Sunday, November  4, 2012 21:01:56 UTC",38.7883,-122.7680,1.6,4.10,27,"Northern California"
ak,10593342,2,"Sunday, November  4, 2012 20:43:59 UTC",59.0722,-152.5903,3.6,60.20,35,"Southern Alaska"
ci,15241209,0,"Sunday, November  4, 2012 20:35:23 UTC",33.0010,-116.7133,1.2,18.60,15,"Southern California"
ak,10593336,1,"Sunday, November  4, 2012 20:34:46 UTC",62.2090,-153.3268,2.3,0.00, 7,"Central Alaska"
nc,71875500,1,"Sunday, November  4, 2012 19:57:26 UTC",38.8295,-122.8048,2.1,0.70,27,"Northern California"
ci,15241201,0,"Sunday, November  4, 2012 19:23:07 UTC",33.9935,-116.8262,1.4,12.40,43,"Southern California"
ak,10593324,1,"Sunday, November  4, 2012 19:14:59 UTC",60.1259,-140.7102,1.5,15.00, 4,"Southern Yukon Territory, Canada"
us,b000dk9r,4,"Sunday, November  4, 2012 19:12:57 UTC",13.9867,-91.2335,4.5,84.10,63,"Guatemala"
us,b000dk9l,8,"Sunday, November  4, 2012 19:08:24 UTC",-20.3713,-67.9221,5.0,168.50,68,"Potosi, Bolivia"
ak,10593319,1,"Sunday, November  4, 2012 19:03:49 UTC",61.6191,-149.8165,1.7,33.60, 8,"Southern Alaska"
us,b000dk90,6,"Sunday, November  4, 2012 18:27:19 UTC",52.5217,-132.3462,4.6,20.30,124,"Queen Charlotte Islands, Canada region"
ak,10593309,1,"Sunday, November  4, 2012 18:10:22 UTC",60.9755,-149.8401,1.9,34.60,14,"Kenai Peninsula, Alaska"
ci,15241177,0,"Sunday, November  4, 2012 17:54:36 UTC",32.9065,-116.2243,1.4,6.10,18,"Southern California"
ci,15241169,0,"Sunday, November  4, 2012 17:52:58 UTC",32.9023,-116.2395,1.9,6.90,76,"Southern California"
ci,15241161,1,"Sunday, November  4, 2012 17:32:34 UTC",33.2547,-115.9820,2.9,6.60,131,"Southern California"
pr,12309003,0,"Sunday, November  4, 2012 17:13:00 UTC",19.6289,-64.2857,3.4,64.00, 8,"Virgin Islands region"
nc,71875355,0,"Sunday, November  4, 2012 17:12:20 UTC",37.4202,-118.7345,1.1,17.40, 6,"Central California"
nm,110412a,B,"Sunday, November  4, 2012 17:08:14 UTC",35.8608,-89.9397,2.6,7.90,28,"Arkansas"
us,b000dk8b,5,"Sunday, November  4, 2012 17:07:06 UTC",-24.3651,-179.0981,4.7,353.60,29,"south of the Fiji Islands"
ci,15241153,1,"Sunday, November  4, 2012 17:03:01 UTC",34.1762,-117.6592,3.1,0.40,159,"Greater Los Angeles area, California"
us,2012hnau,6,"Sunday, November  4, 2012 16:28:21 UTC",5.5071,125.5405,4.7,201.10,54,"Mindanao, Philippines"
ci,15241145,0,"Sunday, November  4, 2012 15:44:16 UTC",34.5790,-116.2665,1.5,8.90,21,"Southern California"
ak,10593279,1,"Sunday, November  4, 2012 15:20:04 UTC",64.5112,-145.1812,2.2,0.10,16,"Central Alaska"
ak,10593266,1,"Sunday, November  4, 2012 14:45:38 UTC",60.0767,-152.7461,2.9,105.20,28,"Southern Alaska"
ak,10593264,1,"Sunday, November  4, 2012 14:41:30 UTC",63.2546,-151.1040,1.3,12.80, 4,"Central Alaska"
nm,110512a,A,"Sunday, November  4, 2012 14:41:19 UTC",36.3056,-89.4712,1.1,5.20,17,"Tennessee"
ci,15241129,0,"Sunday, November  4, 2012 14:34:57 UTC",33.4817,-116.4528,1.1,14.30,44,"Southern California"
nc,71875260,0,"Sunday, November  4, 2012 14:07:16 UTC",36.3025,-120.8487,1.7,7.30,13,"Central California"
mb,28580,1,"Sunday, November  4, 2012 13:57:59 UTC",47.2425,-113.2083,1.0,12.30, 8,"western Montana"
ak,10593254,1,"Sunday, November  4, 2012 13:53:39 UTC",59.9591,-152.2080,2.5,40.50,18,"Southern Alaska"
uu,60003827,2,"Sunday, November  4, 2012 13:18:05 UTC",39.4055,-111.0807,1.8,1.20,11,"Utah"
ci,15241121,0,"Sunday, November  4, 2012 13:11:42 UTC",34.1057,-116.6418,1.0,2.50,16,"Southern California"
ci,15241113,0,"Sunday, November  4, 2012 12:41:41 UTC",35.0635,-118.5763,1.7,8.40,25,"Central California"
ak,10593242,1,"Sunday, November  4, 2012 12:30:48 UTC",64.0552,-145.3876,2.2,12.90, 5,"Central Alaska"
us,b000dk69,6,"Sunday, November  4, 2012 12:27:36 UTC",52.3393,-132.0312,4.9,10.40,401,"Queen Charlotte Islands, Canada region"
ak,10593235,1,"Sunday, November  4, 2012 12:13:13 UTC",63.0984,-149.9488,1.8,79.50,20,"Central Alaska"
us,b000dk67,4,"Sunday, November  4, 2012 12:13:01 UTC",-22.2777,171.4319,5.1,94.00,47,"southeast of the Loyalty Islands"
ak,10593232,1,"Sunday, November  4, 2012 12:02:52 UTC",61.5997,-148.2129,1.6,13.00, 9,"Southern Alaska"
ci,15241097,0,"Sunday, November  4, 2012 11:30:48 UTC",33.2792,-116.7800,1.9,14.20,102,"Southern California"
ci,15241089,0,"Sunday, November  4, 2012 11:21:29 UTC",33.1728,-115.5575,1.3,0.40,17,"Southern California"
ci,15241081,0,"Sunday, November  4, 2012 10:54:51 UTC",33.3583,-116.2998,1.3,14.70,48,"Southern California"
hv,60427056,1,"Sunday, November  4, 2012 10:50:50 UTC",18.8905,-155.3535,2.2,10.70, 9,"Hawaii region, Hawaii"
uu,60003817,2,"Sunday, November  4, 2012 10:28:03 UTC",44.7327,-110.4668,1.1,3.20,11,"Yellowstone National Park, Wyoming"
ci,15241041,0,"Sunday, November  4, 2012 10:19:46 UTC",33.3877,-116.6413,1.4,31.60,36,"Southern California"
pr,12309002,0,"Sunday, November  4, 2012 09:53:50 UTC",19.6713,-64.3294,3.3,62.00, 8,"Virgin Islands region"
us,b000dk5a,8,"Sunday, November  4, 2012 09:53:09 UTC",24.5042,-110.1831,4.3,10.40,249,"Gulf of California"
hv,60427036,1,"Sunday, November  4, 2012 09:48:49 UTC",19.3660,-155.2988,1.7,2.30,14,"Island of Hawaii, Hawaii"
ci,15241033,0,"Sunday, November  4, 2012 09:48:09 UTC",33.2075,-115.5657,1.7,0.10,24,"Southern California"
ci,15241025,0,"Sunday, November  4, 2012 09:37:20 UTC",34.3415,-116.9978,1.2,8.80,45,"Southern California"
ci,15241017,0,"Sunday, November  4, 2012 09:26:25 UTC",33.1528,-115.5712,1.4,0.00,17,"Southern California"
ci,15241001,0,"Sunday, November  4, 2012 09:21:26 UTC",33.1675,-115.5690,1.3,0.30,17,"Southern California"
nc,71875135,1,"Sunday, November  4, 2012 09:20:37 UTC",38.7937,-122.7793,1.8,4.20,37,"Northern California"
hv,60427011,2,"Sunday, November  4, 2012 08:40:23 UTC",19.3762,-155.2432,2.4,2.00,27,"Island of Hawaii, Hawaii"
us,b000dk3n,4,"Sunday, November  4, 2012 07:42:15 UTC",52.7407,-131.8590,4.1,10.00,192,"Queen Charlotte Islands, Canada region"
us,b000dk3f,8,"Sunday, November  4, 2012 06:37:36 UTC",-15.9479,-71.9675,5.4,122.60,507,"southern Peru"
nc,71875065,1,"Sunday, November  4, 2012 06:36:10 UTC",36.9618,-121.4482,1.8,5.20,36,"Central California"
ci,15240969,0,"Sunday, November  4, 2012 06:27:01 UTC",33.9502,-116.7463,1.1,13.80,49,"Southern California"
nn,00392843,9,"Sunday, November  4, 2012 06:14:51 UTC",37.3891,-117.1049,1.4,10.60,15,"Nevada"
ak,10593186,2,"Sunday, November  4, 2012 06:13:56 UTC",59.5924,-152.5160,2.1,74.50,15,"Southern Alaska"
uu,60003802,6,"Sunday, November  4, 2012 06:04:20 UTC",39.4460,-111.8857,3.1,12.70,28,"Utah"
nm,110512e,A,"Sunday, November  4, 2012 05:45:21 UTC",35.8248,-90.0488,1.3,5.90, 9,"Arkansas"
uu,60003797,2,"Sunday, November  4, 2012 05:37:30 UTC",39.4902,-111.9748,1.0,0.10, 8,"Utah"
nc,71875035,0,"Sunday, November  4, 2012 05:35:37 UTC",38.8297,-122.8235,1.1,2.60,10,"Northern California"
pr,12309001,0,"Sunday, November  4, 2012 05:09:28 UTC",19.3495,-65.2519,3.1,46.00,10,"Puerto Rico region"
ak,10593174,1,"Sunday, November  4, 2012 05:08:40 UTC",60.6230,-149.2778,2.2,24.30,19,"Kenai Peninsula, Alaska"
us,b000dk2r,5,"Sunday, November  4, 2012 05:07:53 UTC",52.6167,-131.9573,4.0,10.00,106,"Queen Charlotte Islands, Canada region"
nc,71875010,0,"Sunday, November  4, 2012 05:01:02 UTC",38.7463,-122.7063,1.6,2.60,16,"Northern California"
hv,60426856,2,"Sunday, November  4, 2012 05:00:56 UTC",19.4090,-155.2768,1.9,1.40,16,"Island of Hawaii, Hawaii"
nc,71875005,0,"Sunday, November  4, 2012 04:54:30 UTC",37.6328,-118.8778,1.3,8.20,15,"Long Valley area, California"
ak,10593165,1,"Sunday, November  4, 2012 04:50:01 UTC",59.4392,-152.9424,2.6,91.90,16,"Southern Alaska"
ci,15240961,0,"Sunday, November  4, 2012 04:41:48 UTC",34.0312,-117.5707,1.4,14.60,54,"Greater Los Angeles area, California"
uu,60003792,2,"Sunday, November  4, 2012 04:36:27 UTC",39.4838,-111.9667,1.5,0.50, 9,"Utah"
nc,71874990,3,"Sunday, November  4, 2012 04:22:30 UTC",36.8197,-121.5548,2.0,4.90,71,"Central California"
us,b000dk27,8,"Sunday, November  4, 2012 04:16:39 UTC",-29.9425,-177.7036,4.7,18.00,37,"Kermadec Islands, New Zealand"
pr,12309000,0,"Sunday, November  4, 2012 04:16:15 UTC",19.0475,-64.4777,2.5,16.00, 7,"Virgin Islands region"
us,b000dk23,3,"Sunday, November  4, 2012 04:14:03 UTC",5.7770,126.2675,4.6,147.60,28,"Mindanao, Philippines"
ak,10593148,2,"Sunday, November  4, 2012 03:45:16 UTC",61.8721,-151.8633,2.3,101.80,20,"Southern Alaska"
nc,71874985,0,"Sunday, November  4, 2012 03:42:47 UTC",38.8375,-122.7850,1.6,2.40,20,"Northern California"
hv,60426766,1,"Sunday, November  4, 2012 02:38:55 UTC",19.3785,-155.2428,1.8,3.10,15,"Island of Hawaii, Hawaii"
ci,15240945,0,"Sunday, November  4, 2012 02:00:57 UTC",33.4695,-116.5548,1.0,7.30,29,"Southern California"
us,b000dk1j,A,"Sunday, November  4, 2012 01:52:11 UTC",-11.9781,-75.6870,4.9,94.30,247,"central Peru"
ak,10593126,1,"Sunday, November  4, 2012 01:51:26 UTC",63.4465,-150.3322,2.5,0.10,23,"Central Alaska"
uw,60484046,3,"Sunday, November  4, 2012 01:44:59 UTC",47.9307,-120.7577,2.0,9.00,12,"Washington"
ci,15240937,0,"Sunday, November  4, 2012 01:41:53 UTC",36.1552,-117.8473,1.4,8.30,23,"Central California"
hv,60426701,2,"Sunday, November  4, 2012 01:33:57 UTC",19.3847,-155.2463,3.2,3.30,34,"Island of Hawaii, Hawaii"
ak,10593119,1,"Sunday, November  4, 2012 01:30:04 UTC",61.7607,-151.6156,2.0,90.00, 5,"Southern Alaska"
ak,10593113,2,"Sunday, November  4, 2012 01:19:25 UTC",66.7563,-146.6014,3.1,34.20,21,"northern Alaska"
ak,10593111,1,"Sunday, November  4, 2012 01:02:40 UTC",61.5472,-140.9770,1.5,9.40, 7,"Southern Yukon Territory, Canada"
nc,71874875,0,"Sunday, November  4, 2012 00:36:48 UTC",38.8093,-122.7923,1.0,1.30,14,"Northern California"
us,b000dk11,6,"Sunday, November  4, 2012 00:16:33 UTC",-14.8574,167.3163,4.9,147.40,46,"Vanuatu"
hv,60426656,1,"Sunday, November  4, 2012 00:03:48 UTC",19.1762,-155.4440,1.9,2.40,15,"Island of Hawaii, Hawaii"
uw,60484031,3,"Saturday, November  3, 2012 23:54:43 UTC",45.0253,-124.1512,2.9,39.70,30,"offshore Oregon"
ak,10593087,2,"Saturday, November  3, 2012 23:29:43 UTC",61.3347,-146.1162,3.0,23.70,41,"Southern Alaska"
uu,60003787,2,"Saturday, November  3, 2012 23:24:24 UTC",39.0127,-111.4777,1.7,16.90, 8,"Utah"
pr,12308008,0,"Saturday, November  3, 2012 23:24:19 UTC",18.7828,-64.3206,2.6,43.00, 4,"Virgin Islands region"
ci,15240889,0,"Saturday, November  3, 2012 23:12:10 UTC",36.2435,-117.8645,1.5,6.60,22,"Central California"
hv,60426641,2,"Saturday, November  3, 2012 23:04:58 UTC",19.3225,-155.1228,2.6,8.00,34,"Island of Hawaii, Hawaii"
ci,15240881,0,"Saturday, November  3, 2012 23:03:58 UTC",33.9905,-118.2365,1.7,11.10,36,"Greater Los Angeles area, California"
pr,12308007,0,"Saturday, November  3, 2012 22:48:57 UTC",18.2441,-67.4945,3.3,139.00, 6,"Mona Passage, Puerto Rico"
nc,71874765,1,"Saturday, November  3, 2012 22:42:31 UTC",38.8448,-122.8290,2.0,2.40,32,"Northern California"
nc,71874755,1,"Saturday, November  3, 2012 22:40:05 UTC",38.8443,-122.8285,1.8,2.50,28,"Northern California"
ak,10593072,1,"Saturday, November  3, 2012 22:34:51 UTC",63.4779,-147.7846,1.5,15.10, 6,"Central Alaska"
ci,15240849,0,"Saturday, November  3, 2012 22:06:44 UTC",34.1318,-116.9415,1.3,7.80,50,"Southern California"
ci,15240841,0,"Saturday, November  3, 2012 21:57:41 UTC",33.4610,-116.4790,1.1,15.60,40,"Southern California"
ci,15240833,0,"Saturday, November  3, 2012 21:56:37 UTC",33.6975,-116.8067,1.0,22.10,41,"Southern California"
uu,60003772,2,"Saturday, November  3, 2012 21:29:03 UTC",38.8553,-112.1273,1.1,1.70, 7,"Utah"
uw,60484001,2,"Saturday, November  3, 2012 21:15:29 UTC",49.4280,-120.5055,2.2,0.00, 7,"British Columbia, Canada"
ci,15240817,0,"Saturday, November  3, 2012 21:02:23 UTC",32.5627,-115.6907,2.1,6.10,36,"Baja California, Mexico"
us,b000djzq,5,"Saturday, November  3, 2012 20:49:11 UTC",-21.9335,-176.3168,4.9,105.50,97,"Fiji region"
nc,71874695,1,"Saturday, November  3, 2012 20:37:17 UTC",35.5898,-120.8395,1.9,8.00,42,"Central California"
nc,71874690,1,"Saturday, November  3, 2012 19:51:44 UTC",38.8252,-122.8558,1.5,2.50,29,"Northern California"
us,b000djyg,5,"Saturday, November  3, 2012 19:08:53 UTC",-5.7961,146.9416,4.3,116.10,19,"eastern New Guinea region, Papua New Guinea"
us,b000djy2,9,"Saturday, November  3, 2012 18:40:52 UTC",17.4852,120.3199,4.5,44.90,67,"Luzon, Philippines"
nc,71874660,1,"Saturday, November  3, 2012 18:30:28 UTC",36.8108,-121.5395,1.6,5.00,28,"Central California"
ak,10593043,1,"Saturday, November  3, 2012 18:28:47 UTC",63.0823,-151.5401,2.2,0.00,14,"Central Alaska"
nc,71874655,3,"Saturday, November  3, 2012 18:19:36 UTC",36.8193,-121.5493,2.3,5.40,71,"Central California"
nc,71874640,0,"Saturday, November  3, 2012 18:08:04 UTC",39.4875,-122.3140,2.1,29.50,11,"Northern California"
pr,12308005,0,"Saturday, November  3, 2012 18:07:26 UTC",18.9276,-64.7618,2.9,78.00, 6,"Virgin Islands region"
nc,71874630,0,"Saturday, November  3, 2012 17:58:17 UTC",38.7663,-122.7247,1.0,3.70,17,"Northern California"
hv,60426596,1,"Saturday, November  3, 2012 17:53:01 UTC",19.3040,-155.9183,1.9,16.30,12,"Island of Hawaii, Hawaii"
us,b000djxc,8,"Saturday, November  3, 2012 17:49:14 UTC",52.5345,-132.0069,4.2,22.40,175,"Queen Charlotte Islands, Canada region"
pr,12308004,0,"Saturday, November  3, 2012 17:32:50 UTC",19.0526,-65.4766,2.9,46.00, 3,"Puerto Rico region"
ci,15240785,1,"Saturday, November  3, 2012 16:57:15 UTC",33.4867,-116.4478,1.1,14.90,50,"Southern California"
pr,12308006,0,"Saturday, November  3, 2012 16:43:09 UTC",19.6469,-64.3888,3.0,43.00, 6,"Virgin Islands region"
uu,60003757,2,"Saturday, November  3, 2012 15:44:22 UTC",39.0192,-111.4488,1.7,5.90, 7,"Utah"
ak,10593030,1,"Saturday, November  3, 2012 15:32:23 UTC",60.0646,-152.6187,3.2,102.20,11,"Southern Alaska"
uu,60003742,4,"Saturday, November  3, 2012 15:21:00 UTC",44.6040,-110.6572,1.0,5.00,16,"Yellowstone National Park, Wyoming"
uu,60003747,4,"Saturday, November  3, 2012 15:20:10 UTC",44.6068,-110.6565,1.3,5.10,10,"Yellowstone National Park, Wyoming"
nc,71874595,0,"Saturday, November  3, 2012 15:06:30 UTC",38.7765,-122.7207,1.3,2.80,21,"Northern California"
uw,60483966,2,"Saturday, November  3, 2012 15:05:34 UTC",47.4167,-121.8252,1.0,20.70,19,"Washington"
nc,71874585,0,"Saturday, November  3, 2012 15:02:01 UTC",38.7787,-122.7202,1.5,2.00,18,"Northern California"
nc,71874575,1,"Saturday, November  3, 2012 14:57:14 UTC",38.7782,-122.7195,1.8,2.40,24,"Northern California"
nc,71874570,1,"Saturday, November  3, 2012 14:44:10 UTC",37.7792,-122.0727,2.0,13.20,42,"San Francisco Bay area, California"
us,b000djw9,4,"Saturday, November  3, 2012 14:41:23 UTC",-4.9157,132.8549,4.6,51.80,14,"near the south coast of Papua, Indonesia"
nc,71874565,1,"Saturday, November  3, 2012 14:34:04 UTC",36.8135,-121.5355,2.3,5.70,41,"Central California"
nc,71874560,0,"Saturday, November  3, 2012 14:21:58 UTC",35.5632,-120.8532,1.0,12.40, 8,"Central California"
nc,71874555,3,"Saturday, November  3, 2012 14:19:18 UTC",36.8123,-121.5437,2.7,5.80,84,"Central California"
us,b000djw2,7,"Saturday, November  3, 2012 13:56:20 UTC",-15.5310,-71.6551,4.9,122.70,37,"southern Peru"
ci,15240721,0,"Saturday, November  3, 2012 13:37:06 UTC",33.8242,-116.9905,1.3,10.80,64,"Southern California"
nc,71876235,2,"Saturday, November  3, 2012 13:25:40 UTC",37.6443,-119.3808,1.0,9.00,17,"Central California"
nc,71874540,1,"Saturday, November  3, 2012 13:24:05 UTC",38.7798,-122.7555,1.8,1.80,26,"Northern California"
us,b000djvs,A,"Saturday, November  3, 2012 12:58:12 UTC",7.0695,-34.0778,5.8,9.40,453,"central Mid-Atlantic Ridge"
nc,71874525,2,"Saturday, November  3, 2012 12:27:30 UTC",37.6533,-119.3780,1.1,9.60,23,"Central California"
uu,60003722,2,"Saturday, November  3, 2012 12:23:04 UTC",38.6650,-112.5405,1.4,0.70,12,"Utah"
ci,15240681,0,"Saturday, November  3, 2012 12:19:40 UTC",33.1510,-115.6568,1.6,0.30,41,"Southern California"
us,b000djvj,8,"Saturday, November  3, 2012 12:18:42 UTC",52.3801,-132.7508,4.0,9.80,177,"Queen Charlotte Islands, Canada region"
us,b000dk0p,6,"Saturday, November  3, 2012 11:50:57 UTC",10.2000,-67.8900,3.1,5.00, 0,"Carabobo, Venezuela"
ak,10592997,1,"Saturday, November  3, 2012 11:45:30 UTC",61.5437,-141.1280,1.8,0.10,14,"Southern Alaska"
uw,60483951,1,"Saturday, November  3, 2012 11:44:36 UTC",43.7170,-121.3252,1.5,2.30, 8,"Newberry Caldera area, Oregon"
ak,10592986,1,"Saturday, November  3, 2012 11:13:21 UTC",61.5547,-141.1545,2.4,0.20,25,"Southern Alaska"
us,b000djv3,7,"Saturday, November  3, 2012 11:12:23 UTC",10.5426,126.9354,5.5,48.40,80,"Philippine Islands region"
nc,71874515,0,"Saturday, November  3, 2012 11:06:55 UTC",36.8270,-121.4002,1.0,10.50,11,"Central California"
ak,10592982,1,"Saturday, November  3, 2012 11:02:18 UTC",61.3942,-146.7351,1.8,23.10,15,"Southern Alaska"
ci,15240649,0,"Saturday, November  3, 2012 10:49:47 UTC",34.2320,-117.4640,2.5,12.10,143,"Southern California"
nc,71874505,0,"Saturday, November  3, 2012 10:43:36 UTC",39.6420,-120.7270,1.9,13.50, 7,"Northern California"
nc,71874495,0,"Saturday, November  3, 2012 10:21:44 UTC",38.7988,-122.8018,1.1,3.10,14,"Northern California"
nc,71874490,0,"Saturday, November  3, 2012 09:58:15 UTC",38.7485,-122.7230,1.2,1.00,14,"Northern California"
us,b000djuh,6,"Saturday, November  3, 2012 09:48:24 UTC",52.6111,-132.3783,4.0,10.10,111,"Queen Charlotte Islands, Canada region"
us,b000djuj,4,"Saturday, November  3, 2012 09:47:01 UTC",-16.4729,-71.7688,4.3,109.70,37,"southern Peru"
ak,10592972,1,"Saturday, November  3, 2012 09:35:39 UTC",61.7054,-148.2114,1.9,29.20,10,"Southern Alaska"
nc,71874485,0,"Saturday, November  3, 2012 09:26:17 UTC",37.6495,-122.0440,1.7,4.40,16,"San Francisco Bay area, California"
ak,10592963,1,"Saturday, November  3, 2012 09:17:03 UTC",61.3405,-141.2339,1.6,0.10, 8,"Southern Alaska"
ak,10592959,1,"Saturday, November  3, 2012 09:13:38 UTC",61.5407,-141.0766,2.0,0.20,19,"Southern Alaska"
ci,15240633,0,"Saturday, November  3, 2012 09:12:29 UTC",32.0445,-116.5687,1.8,7.20,26,"Baja California, Mexico"
nc,71874475,0,"Saturday, November  3, 2012 09:06:33 UTC",38.7792,-122.7553,1.2,1.90,16,"Northern California"
ak,10592952,1,"Saturday, November  3, 2012 08:53:06 UTC",61.8529,-151.0302,1.9,70.00, 5,"Southern Alaska"
ak,10592948,1,"Saturday, November  3, 2012 08:36:30 UTC",62.1415,-145.2285,1.7,33.60, 6,"Central Alaska"
ak,10592944,2,"Saturday, November  3, 2012 08:34:21 UTC",62.1748,-145.5768,1.9,23.00,13,"Central Alaska"
ak,10592941,1,"Saturday, November  3, 2012 08:24:22 UTC",63.3208,-144.9110,2.0,0.10,11,"Central Alaska"
ak,10592933,1,"Saturday, November  3, 2012 07:53:50 UTC",63.2826,-150.5097,2.0,128.50,16,"Central Alaska"
nc,71874445,0,"Saturday, November  3, 2012 07:51:51 UTC",38.8162,-122.7940,1.0,3.10,23,"Northern California"
uw,60483936,2,"Saturday, November  3, 2012 07:46:20 UTC",48.6435,-123.0378,1.4,16.00,10,"San Juan Islands region, Washington"
ak,10592925,1,"Saturday, November  3, 2012 07:24:43 UTC",59.6109,-153.3865,3.2,124.60,13,"Southern Alaska"
pr,12308003,0,"Saturday, November  3, 2012 07:07:24 UTC",17.8122,-68.7005,3.4,99.00, 5,"Dominican Republic region"
pr,12308001,0,"Saturday, November  3, 2012 06:52:30 UTC",19.1261,-64.8882,2.9,24.00, 6,"Virgin Islands region"
hv,60426396,2,"Saturday, November  3, 2012 06:42:37 UTC",19.3338,-155.1878,2.0,5.60,30,"Island of Hawaii, Hawaii"
ci,15240593,0,"Saturday, November  3, 2012 06:41:48 UTC",33.8110,-116.9698,1.5,13.00,99,"Southern California"
ci,15240585,0,"Saturday, November  3, 2012 06:12:33 UTC",33.2730,-116.7672,1.2,0.10,25,"Southern California"
ci,15240561,0,"Saturday, November  3, 2012 05:57:17 UTC",36.0582,-117.5010,1.2,5.50,11,"Central California"
hv,60426361,2,"Saturday, November  3, 2012 05:57:07 UTC",19.4037,-155.2662,1.7,4.00,17,"Island of Hawaii, Hawaii"
nc,71874410,0,"Saturday, November  3, 2012 05:49:21 UTC",38.7652,-122.5925,1.7,5.10, 9,"Northern California"
nc,71874405,1,"Saturday, November  3, 2012 05:38:45 UTC",37.4295,-121.7718,1.8,10.40,44,"San Francisco Bay area, California"
pr,12308002,0,"Saturday, November  3, 2012 05:32:21 UTC",19.4655,-66.3060,3.2,63.00, 9,"Puerto Rico region"
nc,71874400,0,"Saturday, November  3, 2012 05:31:22 UTC",36.3632,-120.9073,1.1,8.00, 5,"Central California"
nc,71874395,0,"Saturday, November  3, 2012 05:26:13 UTC",38.7740,-122.7422,1.2,1.10,17,"Northern California"
ak,10592905,1,"Saturday, November  3, 2012 05:06:48 UTC",60.9104,-151.5276,1.9,78.10,12,"Kenai Peninsula, Alaska"
nc,71874370,0,"Saturday, November  3, 2012 04:59:44 UTC",38.8153,-122.8027,1.2,1.90,20,"Northern California"
nc,71874360,1,"Saturday, November  3, 2012 04:54:49 UTC",38.8103,-122.7927,1.1,3.60,24,"Northern California"
ak,10592895,1,"Saturday, November  3, 2012 04:33:36 UTC",63.0762,-151.5819,1.7,13.90, 8,"Central Alaska"
us,b000djsz,6,"Saturday, November  3, 2012 04:25:19 UTC",52.5224,-131.8698,4.4,12.80,175,"Queen Charlotte Islands, Canada region"
ak,10592890,1,"Saturday, November  3, 2012 04:12:03 UTC",63.1841,-150.0427,1.6,103.30, 6,"Central Alaska"
us,b000djsu,7,"Saturday, November  3, 2012 03:58:29 UTC",-6.3520,127.9541,4.6,360.80,67,"Banda Sea"
nc,71874310,1,"Saturday, November  3, 2012 03:55:05 UTC",36.8513,-121.5827,1.9,5.90,34,"Central California"
ci,15240537,0,"Saturday, November  3, 2012 03:43:24 UTC",34.0403,-117.2418,1.1,10.30,40,"Greater Los Angeles area, California"
nc,71874305,1,"Saturday, November  3, 2012 03:35:32 UTC",38.8378,-122.8283,1.8,2.50,27,"Northern California"
ci,15240529,0,"Saturday, November  3, 2012 03:30:35 UTC",34.1958,-117.5918,1.3,2.30,11,"Greater Los Angeles area, California"
pr,12308000,0,"Saturday, November  3, 2012 03:28:05 UTC",19.1084,-64.9465,3.0,17.00, 4,"Virgin Islands region"
nc,71874265,2,"Saturday, November  3, 2012 02:23:37 UTC",36.4600,-121.0332,1.2,4.80,14,"Central California"
uw,60483921,2,"Saturday, November  3, 2012 02:19:57 UTC",48.3225,-121.7278,1.1,2.90,10,"Washington"
ci,15240521,0,"Saturday, November  3, 2012 02:18:04 UTC",33.2720,-116.2393,1.6,9.60,91,"Southern California"
us,b000djsb,6,"Saturday, November  3, 2012 02:10:10 UTC",-3.6237,100.7665,4.7,38.70,34,"Kepulauan Mentawai region, Indonesia"
us,b000djsa,5,"Saturday, November  3, 2012 02:08:25 UTC",-5.5233,141.9706,4.4,40.00,30,"New Guinea, Papua New Guinea"
nc,71874235,0,"Saturday, November  3, 2012 01:39:44 UTC",40.3163,-124.1873,1.7,21.00, 8,"Northern California"
nc,71066029,2,"Saturday, November  3, 2012 01:21:15 UTC",37.4148,-118.6003,1.2,9.70,15,"Central California"
ak,10592845,1,"Saturday, November  3, 2012 00:30:19 UTC",61.6980,-154.1201,2.0,0.10, 5,"Southern Alaska"
pr,12307005,0,"Friday, November  2, 2012 23:49:26 UTC",19.0816,-66.0569,3.0,48.00, 4,"Puerto Rico region"
nc,71874175,1,"Friday, November  2, 2012 23:42:41 UTC",37.7535,-122.1590,1.7,3.10,22,"San Francisco Bay area, California"
us,b000djra,4,"Friday, November  2, 2012 23:42:37 UTC",-34.7694,-71.6879,4.4,46.70,25,"Libertador General Bernardo O'Higgins, Chile"
nm,1105112b,A,"Friday, November  2, 2012 23:41:06 UTC",36.5406,-89.5655,1.1,6.70,23,"southeastern Missouri"
nc,71874170,1,"Friday, November  2, 2012 23:40:58 UTC",38.7322,-122.7015,1.8,2.30,20,"Northern California"
nc,71874165,1,"Friday, November  2, 2012 23:34:29 UTC",38.8178,-122.7975,1.7,3.00,35,"Northern California"
ci,15240465,0,"Friday, November  2, 2012 23:02:38 UTC",33.1608,-116.1007,1.9,8.90,77,"Southern California"
us,b000djqk,7,"Friday, November  2, 2012 22:34:20 UTC",37.6667,141.5879,4.9,32.70,176,"near the east coast of Honshu, Japan"
hv,60426191,3,"Friday, November  2, 2012 22:20:38 UTC",19.3718,-155.2315,1.7,3.40,31,"Island of Hawaii, Hawaii"
ak,10592805,1,"Friday, November  2, 2012 22:12:41 UTC",61.5540,-140.9894,1.7,16.00, 5,"Southern Yukon Territory, Canada"
nc,71874150,1,"Friday, November  2, 2012 22:06:36 UTC",38.8075,-122.7897,1.0,3.50,25,"Northern California"
pr,12307004,0,"Friday, November  2, 2012 22:01:11 UTC",18.6678,-66.2733,2.5,19.00, 6,"Puerto Rico region"
ci,15240449,0,"Friday, November  2, 2012 22:00:07 UTC",32.5460,-116.7862,2.1,2.90,34,"Baja California, Mexico"
ci,15240441,0,"Friday, November  2, 2012 21:46:55 UTC",36.1507,-117.8437,1.7,9.40,11,"Central California"
uw,60483881,1,"Friday, November  2, 2012 21:45:59 UTC",44.1080,-123.0617,1.4,0.00,12,"Oregon"
ak,10592788,1,"Friday, November  2, 2012 21:37:45 UTC",63.3058,-145.1542,1.8,9.30, 9,"Central Alaska"
ci,15240425,0,"Friday, November  2, 2012 21:32:56 UTC",33.2140,-116.7107,1.1,2.60,29,"Southern California"
us,b000djpa,6,"Friday, November  2, 2012 21:31:48 UTC",24.9385,94.9199,4.5,99.10,28,"Myanmar-India border region"
uu,60003677,3,"Friday, November  2, 2012 21:31:10 UTC",38.1993,-112.3152,1.2,6.30, 9,"Utah"
uw,60483866,1,"Friday, November  2, 2012 21:21:36 UTC",49.4210,-120.5335,2.4,0.00,11,"British Columbia, Canada"
hv,60426146,3,"Friday, November  2, 2012 21:11:55 UTC",19.3868,-155.2815,2.1,2.80,49,"Island of Hawaii, Hawaii"
nc,71874125,0,"Friday, November  2, 2012 21:08:00 UTC",36.3145,-120.8330,1.0,9.10, 5,"Central California"
hv,60426131,2,"Friday, November  2, 2012 20:55:24 UTC",19.4012,-155.2548,1.9,0.50,13,"Island of Hawaii, Hawaii"
ci,15240409,0,"Friday, November  2, 2012 20:48:40 UTC",33.7203,-116.8102,1.1,20.60,34,"Southern California"
us,b000djng,4,"Friday, November  2, 2012 20:39:02 UTC",10.5895,122.9188,4.5,112.30,56,"Panay, Philippines"
ak,10592758,1,"Friday, November  2, 2012 20:35:37 UTC",61.5773,-147.5185,2.1,23.20,17,"Southern Alaska"
nc,71874090,3,"Friday, November  2, 2012 20:28:35 UTC",38.8042,-122.7895,2.2,2.20,68,"Northern California"
nc,71874085,0,"Friday, November  2, 2012 20:25:45 UTC",38.8122,-122.7810,1.4,0.70, 8,"Northern California"
nc,71874080,0,"Friday, November  2, 2012 20:24:39 UTC",38.8270,-122.8112,1.6,0.90,11,"Northern California"
nc,71874075,3,"Friday, November  2, 2012 20:23:42 UTC",38.8075,-122.7910,3.0,2.00,60,"Northern California"
uw,60483851,1,"Friday, November  2, 2012 20:14:30 UTC",46.3917,-122.6407,1.8,0.00,11,"Washington"
ci,15240393,0,"Friday, November  2, 2012 20:03:38 UTC",32.5963,-115.7068,2.7,8.00,49,"Baja California, Mexico"
us,b000djkp,8,"Friday, November  2, 2012 20:02:25 UTC",15.6624,146.8397,4.9,55.80,61,"Saipan region, Northern Mariana Islands"
uu,60003662,4,"Friday, November  2, 2012 19:49:59 UTC",38.9793,-111.4827,1.2,1.60, 8,"Utah"
ci,15240353,0,"Friday, November  2, 2012 19:19:49 UTC",33.4873,-116.4418,1.1,14.50,49,"Southern California"
nc,71874035,0,"Friday, November  2, 2012 19:12:09 UTC",37.5365,-118.8270,1.3,10.20,19,"Central California"
ci,15240345,0,"Friday, November  2, 2012 19:11:15 UTC",33.4833,-116.4467,1.0,14.60,32,"Southern California"
ak,10592378,1,"Friday, November  2, 2012 19:05:25 UTC",62.1435,-151.0063,2.0,52.00, 8,"Central Alaska"
nc,71065989,2,"Friday, November  2, 2012 19:02:12 UTC",38.9705,-123.2547,1.3,6.90, 6,"Northern California"
nc,71874030,3,"Friday, November  2, 2012 19:02:03 UTC",38.9802,-123.2627,1.3,0.30,13,"Northern California"
uw,60483821,4,"Friday, November  2, 2012 18:53:39 UTC",47.4742,-122.0880,1.8,22.10,46,"Seattle-Tacoma urban area, Washington"
nc,71874025,2,"Friday, November  2, 2012 18:42:33 UTC",39.2513,-122.7217,1.9,9.50,30,"Northern California"
nc,71874010,3,"Friday, November  2, 2012 18:34:01 UTC",36.2913,-120.8767,2.4,6.70,102,"Central California"
nc,71874020,2,"Friday, November  2, 2012 18:32:38 UTC",37.3268,-122.1057,1.4,0.00,15,"San Francisco Bay area, California"
ci,15240321,2,"Friday, November  2, 2012 18:32:31 UTC",33.6560,-116.7163,1.4,17.60,32,"Southern California"
us,b000djgv,E,"Friday, November  2, 2012 18:17:33 UTC",9.2587,126.2333,6.1,38.10,510,"Mindanao, Philippines"
nc,71874005,0,"Friday, November  2, 2012 18:17:19 UTC",40.2860,-122.0603,1.1,8.90,10,"Northern California"
ak,10592342,1,"Friday, November  2, 2012 18:14:51 UTC",60.1996,-152.2025,2.5,63.70,18,"Southern Alaska"
ak,10592340,1,"Friday, November  2, 2012 18:13:10 UTC",62.2395,-141.6507,2.1,7.80,13,"Central Alaska"
nc,71874000,1,"Friday, November  2, 2012 18:05:32 UTC",37.6583,-122.5023,1.9,10.10,27,"offshore Northern California"
pr,12307003,0,"Friday, November  2, 2012 17:58:22 UTC",18.5776,-65.3817,2.5,91.00, 4,"Puerto Rico region"
nc,71873995,0,"Friday, November  2, 2012 17:39:55 UTC",36.6040,-121.2108,1.6,8.40, 8,"Central California"
ci,15240305,2,"Friday, November  2, 2012 17:26:08 UTC",34.6198,-117.1195,1.6,0.00,11,"Southern California"
hv,60426026,1,"Friday, November  2, 2012 16:17:46 UTC",19.3612,-154.9827,1.9,5.10,14,"Hawaii region, Hawaii"
hv,60426016,2,"Friday, November  2, 2012 16:14:49 UTC",19.3897,-155.2525,2.0,3.30,25,"Island of Hawaii, Hawaii"
nc,71873935,2,"Friday, November  2, 2012 16:11:24 UTC",35.5390,-120.8378,1.0,7.70,18,"Central California"
ci,15240281,0,"Friday, November  2, 2012 15:22:45 UTC",34.4512,-117.5475,2.2,38.20,11,"Southern California"
ak,10592304,1,"Friday, November  2, 2012 15:01:50 UTC",63.5405,-151.0020,1.6,0.00, 9,"Central Alaska"
nc,71873940,6,"Friday, November  2, 2012 14:55:53 UTC",37.5860,-119.1168,1.1,31.30,13,"Central California"
nc,71873910,1,"Friday, November  2, 2012 14:47:59 UTC",38.7880,-122.7777,1.6,2.70,35,"Northern California"
ak,10592302,1,"Friday, November  2, 2012 14:47:24 UTC",63.5338,-151.0073,2.0,0.40, 9,"Central Alaska"
pr,12307002,0,"Friday, November  2, 2012 14:31:45 UTC",18.6173,-66.8506,3.2,11.00,11,"Puerto Rico region"
hv,60425966,1,"Friday, November  2, 2012 14:20:07 UTC",19.3125,-155.2208,1.9,6.30,32,"Island of Hawaii, Hawaii"
hv,60425961,3,"Friday, November  2, 2012 14:17:35 UTC",19.3022,-155.2220,3.8,9.90,56,"Island of Hawaii, Hawaii"
us,b000dj9g,5,"Friday, November  2, 2012 14:02:48 UTC",4.7235,125.8040,5.0,182.50,48,"Kepulauan Sangihe, Indonesia"
hv,60425951,2,"Friday, November  2, 2012 13:42:18 UTC",20.0175,-155.1798,2.7,8.00,25,"Hawaii region, Hawaii"
nc,71873905,2,"Friday, November  2, 2012 13:20:04 UTC",35.5395,-120.8373,1.2,7.50,35,"Central California"
ci,15240249,0,"Friday, November  2, 2012 13:14:33 UTC",33.5510,-116.6333,1.1,17.20,40,"Southern California"
nc,71873890,1,"Friday, November  2, 2012 12:16:33 UTC",38.8318,-122.7997,1.8,2.40,30,"Northern California"
nc,71873885,3,"Friday, November  2, 2012 12:15:29 UTC",38.8322,-122.7982,1.8,2.40,51,"Northern California"
ci,15240225,0,"Friday, November  2, 2012 12:01:41 UTC",33.4817,-116.4432,1.1,14.90,50,"Southern California"
us,b000dj8a,6,"Friday, November  2, 2012 11:38:57 UTC",-4.3000,153.6706,4.6,107.50,32,"New Ireland region, Papua New Guinea"
ak,10592272,1,"Friday, November  2, 2012 11:21:57 UTC",64.6295,-147.2095,1.7,23.50, 8,"Central Alaska"
ak,10592262,1,"Friday, November  2, 2012 10:25:09 UTC",61.2369,-152.4825,2.5,0.00,16,"Southern Alaska"
us,b000dj7w,8,"Friday, November  2, 2012 10:19:38 UTC",-7.3431,127.9293,4.7,35.20,41,"Kepulauan Barat Daya, Indonesia"
nc,71873855,0,"Friday, November  2, 2012 09:40:01 UTC",38.8127,-122.7420,1.3,2.60,19,"Northern California"
ak,10592249,1,"Friday, November  2, 2012 09:39:44 UTC",60.2482,-147.7592,2.4,20.00,10,"Southern Alaska"
ak,10592246,1,"Friday, November  2, 2012 09:38:33 UTC",59.9159,-151.6478,2.8,46.80,26,"Kenai Peninsula, Alaska"
nc,71873850,0,"Friday, November  2, 2012 09:35:07 UTC",36.6517,-121.2707,1.2,4.70, 8,"Central California"
nc,71873845,0,"Friday, November  2, 2012 09:27:22 UTC",38.8313,-122.7988,1.1,0.00,15,"Northern California"
hv,60425871,2,"Friday, November  2, 2012 09:24:29 UTC",19.3897,-155.2827,2.4,3.50,29,"Island of Hawaii, Hawaii"
nc,71873840,3,"Friday, November  2, 2012 09:22:01 UTC",37.3688,-120.0347,1.9,21.00,10,"Central California"
nc,71873835,0,"Friday, November  2, 2012 09:16:21 UTC",38.8347,-122.7960,1.6,1.60,10,"Northern California"
us,b000dj6y,6,"Friday, November  2, 2012 09:07:26 UTC",-21.2674,-70.5093,4.4,51.10,55,"offshore Antofagasta, Chile"
ci,15240201,0,"Friday, November  2, 2012 09:04:08 UTC",33.5425,-118.4068,1.9,0.00,25,"San Pedro Channel, California"
ak,10592230,1,"Friday, November  2, 2012 09:01:34 UTC",61.3716,-146.8320,2.5,13.00,38,"Southern Alaska"
us,b000dj6k,7,"Friday, November  2, 2012 08:57:13 UTC",14.1975,-92.0141,4.4,68.50,167,"offshore Guatemala"
ci,15240193,0,"Friday, November  2, 2012 08:40:08 UTC",33.5543,-116.7488,2.0,22.20,20,"Southern California"
ci,15240185,0,"Friday, November  2, 2012 08:38:07 UTC",33.5033,-116.6903,1.8,10.40,23,"Southern California"
us,b000dj65,C,"Friday, November  2, 2012 08:37:10 UTC",52.1857,-132.1601,4.0,10.40,111,"Queen Charlotte Islands, Canada region"
uw,60483706,1,"Friday, November  2, 2012 08:31:49 UTC",46.1952,-119.5680,1.1,6.30,13,"Washington"
nc,71873815,1,"Friday, November  2, 2012 08:27:12 UTC",36.8193,-121.5473,1.5,5.20,22,"Central California"
us,b000dj5k,6,"Friday, November  2, 2012 08:25:21 UTC",17.2569,-94.5977,4.1,117.10,128,"Veracruz, Mexico"
us,b000dj5e,5,"Friday, November  2, 2012 08:19:59 UTC",52.3791,-132.0250,4.5,10.20,285,"Queen Charlotte Islands, Canada region"
nc,71873810,1,"Friday, November  2, 2012 08:13:15 UTC",38.8000,-122.7995,1.8,3.30,29,"Northern California"
ci,15240169,0,"Friday, November  2, 2012 08:06:59 UTC",34.0098,-117.5815,1.2,5.60,26,"Greater Los Angeles area, California"
nc,71873805,3,"Friday, November  2, 2012 07:59:53 UTC",38.8195,-122.7928,1.9,3.50,63,"Northern California"
ak,10592215,1,"Friday, November  2, 2012 07:18:48 UTC",63.3742,-145.1014,1.2,1.70, 4,"Central Alaska"
us,b000dj4l,8,"Friday, November  2, 2012 07:15:45 UTC",52.4974,-131.7585,4.2,11.00,199,"Queen Charlotte Islands, Canada region"
pr,12307001,0,"Friday, November  2, 2012 07:11:13 UTC",18.8139,-64.9373,2.9,24.00, 4,"Virgin Islands region"
nc,71873775,2,"Friday, November  2, 2012 07:04:43 UTC",36.3070,-120.8380,1.2,9.10,14,"Central California"
ci,15240161,0,"Friday, November  2, 2012 07:00:55 UTC",33.0217,-116.3143,1.4,9.80,52,"Southern California"
ci,15240153,0,"Friday, November  2, 2012 06:05:36 UTC",35.9667,-117.6770,1.4,5.10,25,"Central California"
pr,12307000,0,"Friday, November  2, 2012 05:55:54 UTC",17.7091,-68.8226,3.1,118.00, 4,"Dominican Republic region"
ak,10592195,1,"Friday, November  2, 2012 05:51:55 UTC",61.5206,-146.3292,1.7,29.50, 8,"Southern Alaska"
ci,15240145,0,"Friday, November  2, 2012 05:50:21 UTC",34.4665,-118.0188,1.1,9.40,16,"Southern California"
nc,71873730,3,"Friday, November  2, 2012 05:44:20 UTC",38.8378,-122.7700,2.1,1.80,49,"Northern California"
ak,10592190,1,"Friday, November  2, 2012 05:38:11 UTC",61.5347,-140.9142,1.5,3.20, 7,"Southern Yukon Territory, Canada"
ci,15240129,0,"Friday, November  2, 2012 05:31:38 UTC",33.4867,-116.4820,1.1,16.50,45,"Southern California"
ci,15240121,0,"Friday, November  2, 2012 05:14:30 UTC",34.0093,-117.5845,1.2,2.90,43,"Greater Los Angeles area, California"
ci,15240113,0,"Friday, November  2, 2012 05:12:21 UTC",34.5257,-116.2610,1.7,6.80,28,"Southern California"
hv,60425711,2,"Friday, November  2, 2012 04:42:42 UTC",19.4027,-155.2967,1.7,3.50,21,"Island of Hawaii, Hawaii"
nc,71873670,0,"Friday, November  2, 2012 04:22:25 UTC",38.8157,-122.8022,1.0,2.50,13,"Northern California"
ci,15240105,0,"Friday, November  2, 2012 04:13:37 UTC",33.8562,-118.2847,1.7,11.40,21,"Greater Los Angeles area, California"
ci,15240097,0,"Friday, November  2, 2012 04:08:46 UTC",35.0095,-119.0882,2.5,18.50,53,"Central California"
nc,71873660,1,"Friday, November  2, 2012 03:59:56 UTC",38.8430,-122.8233,1.7,2.50,28,"Northern California"
nc,71873650,0,"Friday, November  2, 2012 03:39:59 UTC",38.8073,-122.8227,1.6,2.40,24,"Northern California"
ci,15240089,0,"Friday, November  2, 2012 03:33:49 UTC",34.6965,-120.3995,2.2,0.00,26,"Central California"
hv,60425686,2,"Friday, November  2, 2012 03:31:27 UTC",19.3582,-155.2923,2.3,2.50,31,"Island of Hawaii, Hawaii"
nc,71873640,0,"Friday, November  2, 2012 03:30:18 UTC",40.4548,-124.1748,1.9,25.10, 8,"Northern California"
ci,15240073,0,"Friday, November  2, 2012 03:30:15 UTC",34.5293,-116.2560,2.6,0.10,76,"Southern California"
hv,60425681,1,"Friday, November  2, 2012 03:18:14 UTC",19.6393,-156.0467,1.9,3.30,12,"Hawaii region, Hawaii"
ci,15240065,0,"Friday, November  2, 2012 03:10:02 UTC",34.0085,-117.5863,2.1,2.40,116,"Greater Los Angeles area, California"
ci,15240041,0,"Friday, November  2, 2012 02:30:01 UTC",36.0018,-118.4532,1.8,4.10,36,"Central California"
ak,10592153,1,"Friday, November  2, 2012 02:09:36 UTC",61.5788,-151.3787,2.3,30.60,11,"Southern Alaska"
nc,71873580,5,"Friday, November  2, 2012 02:07:49 UTC",36.9185,-119.7688,2.1,24.90, 7,"Central California"
ci,15240033,0,"Friday, November  2, 2012 02:06:05 UTC",34.1898,-118.5277,1.4,1.80,21,"Greater Los Angeles area, California"
us,b000dj29,8,"Friday, November  2, 2012 01:52:03 UTC",55.8796,162.7907,5.5,6.10,492,"near the east coast of the Kamchatka Peninsula, Russia"
nn,00392704,9,"Friday, November  2, 2012 01:30:47 UTC",40.5071,-115.3264,3.3,0.00, 7,"Nevada"
nc,71873550,3,"Friday, November  2, 2012 01:23:23 UTC",36.3058,-120.8390,2.8,8.60,92,"Central California"
us,b000dj1z,8,"Friday, November  2, 2012 01:22:14 UTC",-7.7433,121.6651,5.3,272.80,302,"Flores Sea"
ak,10592125,1,"Friday, November  2, 2012 01:05:42 UTC",60.5274,-142.2737,1.4,8.30,11,"Southern Alaska"
ci,15240009,2,"Friday, November  2, 2012 00:58:42 UTC",36.0097,-117.7968,1.4,0.10,15,"Central California"
ak,10592047,1,"Friday, November  2, 2012 00:47:11 UTC",61.5583,-141.0068,1.6,15.60, 6,"Southern Alaska"
nc,71873530,2,"Friday, November  2, 2012 00:41:47 UTC",37.3162,-121.7428,1.0,6.20,19,"San Francisco Bay area, California"
ak,10592038,1,"Friday, November  2, 2012 00:30:29 UTC",64.9970,-147.4393,1.4,0.00,10,"Central Alaska"
ak,10592029,1,"Friday, November  2, 2012 00:22:00 UTC",62.0187,-150.7316,1.7,1.50,10,"Central Alaska"
nc,71873520,3,"Friday, November  2, 2012 00:19:45 UTC",37.6935,-119.4082,2.5,26.10,49,"Central California"
hv,60425546,2,"Thursday, November  1, 2012 23:56:04 UTC",19.3742,-155.2365,1.7,3.30,14,"Island of Hawaii, Hawaii"
nm,110512c,A,"Thursday, November  1, 2012 23:52:37 UTC",36.2146,-89.6127,1.5,5.70,11,"Tennessee"
us,b000dj15,A,"Thursday, November  1, 2012 23:43:39 UTC",-31.7800,-67.1800,4.3,85.00, 0,"San Juan, Argentina"
us,b000dj12,8,"Thursday, November  1, 2012 23:37:18 UTC",1.2377,122.0653,5.3,38.40,106,"Minahasa, Sulawesi, Indonesia"
ci,15239977,2,"Thursday, November  1, 2012 23:13:11 UTC",32.6203,-117.0723,1.7,16.00,59,"San Diego County urban area, California"
hv,60425521,2,"Thursday, November  1, 2012 23:07:08 UTC",19.3772,-155.2403,2.0,3.70,18,"Island of Hawaii, Hawaii"
ci,37100332,4,"Thursday, November  1, 2012 23:04:20 UTC",32.6293,-117.0732,1.4,14.10,13,"San Diego County urban area, California"
ci,15239969,2,"Thursday, November  1, 2012 23:04:03 UTC",32.6178,-117.0805,1.6,14.80,41,"San Diego County urban area, California"
pr,12306008,0,"Thursday, November  1, 2012 23:03:11 UTC",17.6161,-68.7220,3.4,71.00,10,"Dominican Republic region"
nc,71873465,0,"Thursday, November  1, 2012 22:56:10 UTC",36.8138,-121.5457,1.2,4.10,16,"Central California"
nc,71873455,0,"Thursday, November  1, 2012 22:51:55 UTC",38.7705,-122.7060,1.0,4.10, 9,"Northern California"
ak,10591941,1,"Thursday, November  1, 2012 22:38:29 UTC",63.2632,-146.9147,2.1,168.30, 6,"Central Alaska"
ak,10591912,1,"Thursday, November  1, 2012 21:39:53 UTC",63.5187,-147.7409,1.4,17.80, 4,"Central Alaska"
ak,10591901,2,"Thursday, November  1, 2012 21:36:16 UTC",63.2552,-150.7356,1.6,128.70,13,"Central Alaska"
nc,71873400,3,"Thursday, November  1, 2012 21:34:44 UTC",37.5413,-118.8697,2.7,8.70,51,"Central California"
nc,71873375,0,"Thursday, November  1, 2012 21:22:07 UTC",37.4877,-118.8393,1.9,3.00,23,"Central California"
uu,60003567,2,"Thursday, November  1, 2012 21:13:42 UTC",44.3810,-110.9967,1.3,5.60, 6,"Yellowstone National Park, Wyoming"
nc,71873360,2,"Thursday, November  1, 2012 21:05:23 UTC",36.2888,-120.8450,1.0,7.90,11,"Central California"
hv,60425456,2,"Thursday, November  1, 2012 20:57:55 UTC",19.4098,-155.3143,2.2,5.20,34,"Island of Hawaii, Hawaii"
nc,71873340,1,"Thursday, November  1, 2012 20:49:44 UTC",38.8005,-122.8115,1.6,3.60,27,"Northern California"
uu,60003562,2,"Thursday, November  1, 2012 20:30:58 UTC",38.9800,-111.4822,1.3,6.00, 5,"Utah"
ak,10591867,1,"Thursday, November  1, 2012 20:25:23 UTC",64.6488,-149.0203,1.0,2.00, 5,"Central Alaska"
hv,60425436,2,"Thursday, November  1, 2012 20:22:43 UTC",19.3812,-155.2448,1.9,3.60,20,"Island of Hawaii, Hawaii"
ak,10591689,1,"Thursday, November  1, 2012 20:15:22 UTC",63.5479,-150.7848,1.5,5.00, 8,"Central Alaska"
nc,71873320,0,"Thursday, November  1, 2012 20:07:16 UTC",38.5222,-122.9092,1.9,2.00, 6,"Northern California"
ak,10591674,2,"Thursday, November  1, 2012 20:05:05 UTC",59.3464,-146.5036,3.2,5.70,35,"Gulf of Alaska"
uw,60483596,3,"Thursday, November  1, 2012 19:58:21 UTC",43.7977,-121.6757,2.2,0.00,20,"Oregon"
mb,12453464,2,"Thursday, November  1, 2012 19:57:50 UTC",44.6653,-111.8776,1.1,15.20,11,"western Montana"
ci,15239905,2,"Thursday, November  1, 2012 19:24:18 UTC",33.9562,-116.6248,1.0,14.00,49,"Southern California"
ci,15239889,2,"Thursday, November  1, 2012 19:16:21 UTC",33.1728,-115.6070,1.0,3.10,13,"Southern California"
ci,15239873,2,"Thursday, November  1, 2012 19:15:01 UTC",33.1827,-115.6028,1.9,0.50,26,"Southern California"
ak,10591658,1,"Thursday, November  1, 2012 19:12:11 UTC",62.5963,-150.1456,1.9,61.60,14,"Central Alaska"
ak,10591653,1,"Thursday, November  1, 2012 19:05:39 UTC",63.1808,-147.0984,1.7,6.30,11,"Central Alaska"
nc,71873290,3,"Thursday, November  1, 2012 18:50:30 UTC",39.6042,-121.5842,2.0,0.60,15,"Northern California"
hv,60425371,2,"Thursday, November  1, 2012 18:16:15 UTC",19.3892,-155.2823,2.2,3.30,18,"Island of Hawaii, Hawaii"
nc,71873280,4,"Thursday, November  1, 2012 18:14:06 UTC",35.4940,-120.6017,1.6,3.80,35,"Central California"
nc,71873270,0,"Thursday, November  1, 2012 18:07:27 UTC",36.8193,-121.5467,1.3,3.70,14,"Central California"
nc,71873265,3,"Thursday, November  1, 2012 18:06:17 UTC",36.8157,-121.5505,2.8,5.90,80,"Central California"
nc,71873260,2,"Thursday, November  1, 2012 18:04:11 UTC",35.7403,-121.1088,1.0,7.90,18,"Central California"
nc,71873255,0,"Thursday, November  1, 2012 17:52:14 UTC",38.7500,-122.7150,1.0,1.10, 8,"Northern California"
nc,71873245,0,"Thursday, November  1, 2012 17:42:00 UTC",38.7870,-122.7368,1.3,1.90,21,"Northern California"
hv,60425331,2,"Thursday, November  1, 2012 17:39:00 UTC",19.3815,-155.2450,2.1,3.60,17,"Island of Hawaii, Hawaii"
nc,71873240,0,"Thursday, November  1, 2012 17:29:50 UTC",36.3133,-120.8552,1.3,7.20, 8,"Central California"
ci,15239849,3,"Thursday, November  1, 2012 17:27:19 UTC",35.8590,-118.1050,1.1,14.00,15,"Central California"
ci,15239841,2,"Thursday, November  1, 2012 17:26:25 UTC",35.8645,-118.1012,1.1,12.60,30,"Central California"
ci,15239833,2,"Thursday, November  1, 2012 17:22:34 UTC",34.2068,-117.0090,1.2,12.30,44,"Southern California"
us,b000diti,6,"Thursday, November  1, 2012 17:21:57 UTC",18.5648,145.6828,4.7,164.30,71,"Pagan region, Northern Mariana Islands"
nc,71873230,2,"Thursday, November  1, 2012 17:12:37 UTC",36.3070,-120.8275,1.4,9.80,19,"Central California"
ak,10591576,1,"Thursday, November  1, 2012 17:12:36 UTC",61.3494,-149.5829,1.3,25.00, 4,"Southern Alaska"
ci,15239825,2,"Thursday, November  1, 2012 17:11:41 UTC",33.6063,-116.9323,1.8,9.60,45,"Southern California"
ci,15239809,2,"Thursday, November  1, 2012 16:51:44 UTC",33.2595,-115.5908,1.3,3.50,15,"Southern California"
ci,15239817,2,"Thursday, November  1, 2012 16:50:24 UTC",32.9227,-115.4970,1.1,5.50,12,"Southern California"
uw,60483561,1,"Thursday, November  1, 2012 16:38:43 UTC",45.0270,-124.1172,2.2,38.60,17,"offshore Oregon"
hv,60425276,2,"Thursday, November  1, 2012 16:37:41 UTC",19.3862,-155.2452,2.1,3.50,21,"Island of Hawaii, Hawaii"
ci,15239801,2,"Thursday, November  1, 2012 16:36:54 UTC",33.6947,-116.8077,1.6,19.30,94,"Southern California"
nc,71873210,0,"Thursday, November  1, 2012 16:29:57 UTC",36.7125,-121.0653,1.7,5.70,11,"Central California"
ci,15239793,2,"Thursday, November  1, 2012 16:25:27 UTC",33.2358,-115.5988,1.3,5.60,17,"Southern California"
ci,15239777,2,"Thursday, November  1, 2012 16:20:16 UTC",33.1967,-115.5923,1.1,5.50,19,"Southern California"
ci,15239761,2,"Thursday, November  1, 2012 16:16:46 UTC",33.1863,-115.5758,1.3,3.40,21,"Southern California"
ci,15239737,2,"Thursday, November  1, 2012 16:10:52 UTC",33.6697,-116.7438,1.4,17.50,51,"Southern California"
hv,60425266,2,"Thursday, November  1, 2012 16:10:31 UTC",19.3828,-155.2467,2.1,3.10,15,"Island of Hawaii, Hawaii"
ci,15239729,2,"Thursday, November  1, 2012 16:02:39 UTC",35.1488,-118.3972,1.3,0.00,14,"Central California"
uu,60003532,4,"Thursday, November  1, 2012 15:58:50 UTC",38.9832,-111.4840,2.6,1.90,20,"Utah"
ci,15239721,2,"Thursday, November  1, 2012 15:54:09 UTC",33.4872,-116.4873,1.3,16.00,48,"Southern California"
pr,12306007,0,"Thursday, November  1, 2012 15:33:40 UTC",18.1725,-67.9369,3.0,104.00,10,"Mona Passage, Puerto Rico"
us,b000dirg,7,"Thursday, November  1, 2012 15:30:48 UTC",16.9701,-85.5165,4.7,7.90,198,"north of Honduras"
hv,60425206,3,"Thursday, November  1, 2012 15:26:27 UTC",19.3778,-155.2350,3.0,3.10,44,"Island of Hawaii, Hawaii"
hv,60425201,5,"Thursday, November  1, 2012 15:25:10 UTC",19.3768,-155.2355,2.8,2.70,40,"Island of Hawaii, Hawaii"
hv,60425181,2,"Thursday, November  1, 2012 15:16:23 UTC",19.3785,-155.2385,1.8,2.40,12,"Island of Hawaii, Hawaii"
ci,15239713,2,"Thursday, November  1, 2012 14:59:09 UTC",31.2253,-115.9228,2.9,6.00, 8,"Baja California, Mexico"
ci,15239657,2,"Thursday, November  1, 2012 14:48:57 UTC",33.4882,-116.4868,1.0,15.20,36,"Southern California"
ci,15239649,2,"Thursday, November  1, 2012 14:34:36 UTC",34.1163,-117.6422,1.8,12.80,52,"Greater Los Angeles area, California"
nc,71873180,7,"Thursday, November  1, 2012 14:34:17 UTC",36.8147,-121.5473,3.3,6.00,123,"Central California"
hv,60425141,2,"Thursday, November  1, 2012 14:28:44 UTC",19.3825,-155.2427,2.4,4.00,12,"Island of Hawaii, Hawaii"
ci,15239617,2,"Thursday, November  1, 2012 14:28:10 UTC",33.4878,-116.4872,1.2,15.40,48,"Southern California"
nc,71873170,2,"Thursday, November  1, 2012 14:25:11 UTC",35.9687,-120.5328,1.6,4.30,54,"Central California"
ci,15239569,2,"Thursday, November  1, 2012 14:17:02 UTC",32.7752,-115.4325,1.7,12.10,14,"Southern California"
ak,10591484,2,"Thursday, November  1, 2012 14:13:35 UTC",60.7711,-151.9927,4.1,89.10,37,"Kenai Peninsula, Alaska"
nc,71873165,2,"Thursday, November  1, 2012 14:12:23 UTC",35.9682,-120.5323,1.3,3.30,39,"Central California"
us,b000dipu,8,"Thursday, November  1, 2012 14:12:01 UTC",-6.8206,107.4971,5.8,138.80,124,"Java, Indonesia"
nc,71873160,3,"Thursday, November  1, 2012 14:11:33 UTC",35.9693,-120.5353,2.7,5.10,92,"Central California"
ak,10591480,1,"Thursday, November  1, 2012 14:01:10 UTC",61.5509,-140.9918,1.7,7.90,13,"Southern Yukon Territory, Canada"
hv,60425091,2,"Thursday, November  1, 2012 13:56:40 UTC",19.3752,-155.2343,2.4,2.30,23,"Island of Hawaii, Hawaii"
ci,15239553,2,"Thursday, November  1, 2012 13:44:52 UTC",33.9510,-116.2797,1.7,1.20,59,"Southern California"
us,b000dip8,5,"Thursday, November  1, 2012 13:26:12 UTC",-5.2425,145.5199,5.0,94.40,41,"eastern New Guinea region, Papua New Guinea"
ci,15239537,2,"Thursday, November  1, 2012 13:00:31 UTC",34.5323,-116.2692,1.1,2.60,18,"Southern California"
ak,10591469,1,"Thursday, November  1, 2012 12:33:26 UTC",63.5204,-150.9118,1.7,0.10,11,"Central Alaska"
ci,15239529,2,"Thursday, November  1, 2012 12:20:28 UTC",33.3330,-116.2172,1.5,9.80,63,"Southern California"
us,b000diny,9,"Thursday, November  1, 2012 12:02:03 UTC",-23.9958,-64.9726,4.4,24.10,19,"Jujuy, Argentina"
nc,71873145,0,"Thursday, November  1, 2012 11:33:25 UTC",38.8375,-122.8013,1.0,1.90,14,"Northern California"
ci,15239513,2,"Thursday, November  1, 2012 11:30:06 UTC",33.5958,-116.8692,1.2,5.50,45,"Southern California"
uu,60003517,4,"Thursday, November  1, 2012 10:54:05 UTC",39.4063,-111.0680,1.8,0.80,19,"Utah"
ak,10591459,1,"Thursday, November  1, 2012 10:49:12 UTC",61.2816,-141.2581,1.3,34.30, 5,"Southern Alaska"
nc,71873130,0,"Thursday, November  1, 2012 10:44:37 UTC",36.3652,-120.9473,1.8,7.30, 9,"Central California"
nc,71873125,2,"Thursday, November  1, 2012 10:29:16 UTC",36.0358,-120.5977,1.2,4.40,39,"Central California"
ci,15239497,2,"Thursday, November  1, 2012 10:22:11 UTC",35.6605,-118.4720,1.7,10.30,45,"Central California"
ak,10591453,1,"Thursday, November  1, 2012 10:11:51 UTC",61.4504,-141.1424,1.5,26.40, 5,"Southern Alaska"
nn,00392656,9,"Thursday, November  1, 2012 09:55:49 UTC",39.3616,-118.0925,1.4,6.30, 8,"Nevada"
us,b000dina,7,"Thursday, November  1, 2012 09:51:05 UTC",51.2652,-179.6306,5.1,60.70,362,"Andreanof Islands, Aleutian Islands, Alaska"
pr,12306006,0,"Thursday, November  1, 2012 09:50:49 UTC",18.8696,-66.9507,3.3,45.00, 8,"Puerto Rico region"
us,b000din9,5,"Thursday, November  1, 2012 09:48:01 UTC",-20.2379,-177.6548,5.0,458.70,47,"Fiji region"
ci,15239481,2,"Thursday, November  1, 2012 09:37:36 UTC",32.8375,-117.2620,1.2,13.50,48,"San Diego County urban area, California"
ak,10591431,1,"Thursday, November  1, 2012 09:11:05 UTC",61.5607,-140.9931,1.4,11.30, 8,"Southern Yukon Territory, Canada"
ci,15239473,2,"Thursday, November  1, 2012 09:04:24 UTC",33.5857,-116.8710,1.6,5.30,109,"Southern California"
ak,10591420,1,"Thursday, November  1, 2012 09:00:08 UTC",61.5602,-141.1278,2.9,0.00,36,"Southern Alaska"
nc,71873085,3,"Thursday, November  1, 2012 08:58:43 UTC",35.7418,-121.1032,2.2,7.30,82,"Central California"
ak,10591417,1,"Thursday, November  1, 2012 08:39:48 UTC",62.1715,-145.4747,1.9,33.00, 6,"Central Alaska"
ci,15239457,2,"Thursday, November  1, 2012 08:35:29 UTC",32.3187,-115.3520,2.1,10.00,14,"Baja California, Mexico"
hv,60424961,1,"Thursday, November  1, 2012 08:22:00 UTC",19.5572,-155.4645,1.8,18.00,22,"Island of Hawaii, Hawaii"
hv,60424956,2,"Thursday, November  1, 2012 08:20:56 UTC",19.3845,-155.2830,2.3,2.90,17,"Island of Hawaii, Hawaii"
nn,00392655,9,"Thursday, November  1, 2012 08:01:38 UTC",37.3762,-117.0926,1.5,10.40,18,"Nevada"
ak,10591405,1,"Thursday, November  1, 2012 07:43:34 UTC",64.0320,-150.5577,1.8,37.30, 4,"Central Alaska"
us,b000dilx,4,"Thursday, November  1, 2012 07:35:27 UTC",37.6194,71.0551,4.3,223.10,13,"Hindu Kush region, Afghanistan"
nc,71873070,0,"Thursday, November  1, 2012 07:27:05 UTC",38.8445,-122.7797,1.0,2.80,10,"Northern California"
us,b000dilu,5,"Thursday, November  1, 2012 06:57:22 UTC",49.4030,155.5456,5.2,49.00,370,"Kuril Islands"
nc,71873040,3,"Thursday, November  1, 2012 06:56:58 UTC",37.6363,-118.9647,2.5,7.60,49,"Long Valley area, California"
mb,12224743,2,"Thursday, November  1, 2012 06:56:21 UTC",49.0920,-112.9226,2.4,2.50,17,"Alberta, Canada"
nc,71873035,0,"Thursday, November  1, 2012 06:47:51 UTC",38.7600,-122.7323,1.2,2.10,18,"Northern California"
ci,15239441,2,"Thursday, November  1, 2012 06:40:04 UTC",34.5290,-119.0413,1.5,1.40,24,"Southern California"
us,b000dill,7,"Thursday, November  1, 2012 06:33:37 UTC",71.9129,-0.3958,4.5,10.00,84,"Jan Mayen Island region"
ci,15239433,2,"Thursday, November  1, 2012 06:23:47 UTC",33.3492,-116.2260,1.4,12.50,90,"Southern California"
ak,10591382,1,"Thursday, November  1, 2012 06:22:34 UTC",61.6146,-141.1443,2.1,11.50,16,"Southern Alaska"
hv,60424901,3,"Thursday, November  1, 2012 06:18:23 UTC",19.3915,-155.2480,2.4,3.80,21,"Island of Hawaii, Hawaii"
nc,71873010,3,"Thursday, November  1, 2012 06:09:18 UTC",37.0932,-121.5063,2.3,8.80,84,"Northern California"
ak,10591377,1,"Thursday, November  1, 2012 06:05:37 UTC",61.5552,-140.9790,1.9,0.00,19,"Southern Yukon Territory, Canada"
nc,71873000,0,"Thursday, November  1, 2012 06:01:05 UTC",39.2490,-122.7472,1.9,5.20,13,"Northern California"
pr,12306005,0,"Thursday, November  1, 2012 04:53:35 UTC",18.3456,-64.7180,3.3,110.00, 3,"Saint John, U.S. Virgin Islands"
nc,71872990,0,"Thursday, November  1, 2012 04:53:11 UTC",36.6730,-121.2945,1.8,4.80,13,"Central California"
pr,12306003,0,"Thursday, November  1, 2012 04:52:21 UTC",18.6765,-67.0316,3.0,26.00, 7,"Puerto Rico region"
ak,10591361,2,"Thursday, November  1, 2012 04:51:48 UTC",63.5138,-150.6192,2.5,18.20,12,"Central Alaska"
pr,12306004,0,"Thursday, November  1, 2012 04:48:45 UTC",19.5573,-64.4189,3.1,52.00, 4,"Virgin Islands region"
pr,12306002,0,"Thursday, November  1, 2012 04:44:59 UTC",19.4750,-65.4568,3.1,75.00, 5,"Puerto Rico region"
ak,10591355,1,"Thursday, November  1, 2012 04:43:25 UTC",63.5674,-150.7921,2.2,6.40,18,"Central Alaska"
pr,12306001,0,"Thursday, November  1, 2012 04:38:20 UTC",19.4002,-65.3270,3.1,85.00, 8,"Puerto Rico region"
ak,10591351,1,"Thursday, November  1, 2012 04:36:28 UTC",61.5124,-150.7102,2.0,63.50,16,"Southern Alaska"
nc,71872980,1,"Thursday, November  1, 2012 04:14:46 UTC",38.8338,-122.8062,1.7,1.00,29,"Northern California"
pr,12306000,0,"Thursday, November  1, 2012 04:12:41 UTC",19.1431,-65.1969,3.2,103.00, 8,"Puerto Rico region"
ak,10591342,1,"Thursday, November  1, 2012 04:05:57 UTC",59.2509,-153.1587,2.7,100.10,17,"Southern Alaska"
us,b000dik3,7,"Thursday, November  1, 2012 03:31:24 UTC",-5.5920,129.1256,5.1,238.50,72,"Banda Sea"
nc,71872935,3,"Thursday, November  1, 2012 03:31:11 UTC",39.2543,-122.7275,2.2,5.50,48,"Northern California"
nc,71872925,5,"Thursday, November  1, 2012 03:24:19 UTC",39.2445,-122.7155,3.0,16.70,99,"Northern California"
nc,71065969,2,"Thursday, November  1, 2012 03:20:31 UTC",39.2498,-122.7258,2.2,9.30,26,"Northern California"
nc,71872915,6,"Thursday, November  1, 2012 03:20:02 UTC",39.2452,-122.7325,2.7,7.70,74,"Northern California"
us,b000dijj,4,"Thursday, November  1, 2012 03:16:00 UTC",52.5641,-131.9431,4.9,10.30,330,"Queen Charlotte Islands, Canada region"
at,00mcsh1n,1,"Thursday, November  1, 2012 03:15:23 UTC",52.5000,-131.1000,5.1,1.00,13,"Queen Charlotte Islands, Canada region"
hv,60424756,2,"Thursday, November  1, 2012 03:05:41 UTC",19.3807,-155.2487,2.4,3.50,23,"Island of Hawaii, Hawaii"
nc,71872905,2,"Thursday, November  1, 2012 03:05:22 UTC",36.3127,-120.8515,1.4,8.20,28,"Central California"
ci,15239393,2,"Thursday, November  1, 2012 02:53:37 UTC",33.7672,-117.0322,1.0,15.70,48,"Southern California"
ak,10591314,1,"Thursday, November  1, 2012 02:51:18 UTC",61.5084,-150.7395,2.5,64.90,28,"Southern Alaska"
ci,15239385,2,"Thursday, November  1, 2012 02:39:08 UTC",32.9017,-116.2478,1.5,7.10,39,"Southern California"
ci,15239369,2,"Thursday, November  1, 2012 02:24:28 UTC",35.9928,-117.3568,1.0,7.40,16,"Central California"
nc,71872880,0,"Thursday, November  1, 2012 01:49:49 UTC",38.8175,-122.8137,1.3,3.30,18,"Northern California"
nc,71872875,1,"Thursday, November  1, 2012 01:42:08 UTC",38.8170,-122.8145,1.8,3.20,33,"Northern California"
ci,15239353,4,"Thursday, November  1, 2012 01:37:30 UTC",36.0558,-117.5067,1.1,4.80,22,"Central California"
nc,71872865,2,"Thursday, November  1, 2012 01:09:02 UTC",36.3122,-120.8422,1.4,9.00,16,"Central California"
ak,10591292,1,"Thursday, November  1, 2012 00:59:16 UTC",64.6975,-150.1760,1.3,24.00, 8,"Central Alaska"
nc,71872855,2,"Thursday, November  1, 2012 00:51:40 UTC",36.2970,-120.8430,1.3,8.30,18,"Central California"
ci,15239337,2,"Thursday, November  1, 2012 00:42:29 UTC",36.0198,-117.8058,1.6,1.70,18,"Central California"
us,b000diih,4,"Thursday, November  1, 2012 00:40:37 UTC",35.9084,-96.9020,2.5,15.50,13,"Oklahoma"
nc,71872845,3,"Thursday, November  1, 2012 00:34:37 UTC",36.2955,-120.8443,1.8,8.30,48,"Central California"
nn,00392644,9,"Thursday, November  1, 2012 00:19:28 UTC",40.4286,-119.5119,1.7,18.10, 7,"Nevada"
nc,71872835,0,"Thursday, November  1, 2012 00:05:20 UTC",38.8423,-122.8515,1.0,2.00, 6,"Northern California"
ak,10591255,1,"Wednesday, October 31, 2012 23:42:44 UTC",63.0091,-150.7856,2.1,114.20,16,"Central Alaska"
nc,71872820,2,"Wednesday, October 31, 2012 23:40:00 UTC",37.6008,-119.0548,1.0,21.80,19,"Central California"
ak,10591234,1,"Wednesday, October 31, 2012 23:07:56 UTC",64.5157,-147.2765,1.1,3.80, 9,"Central Alaska"
ci,15239289,2,"Wednesday, October 31, 2012 22:48:45 UTC",36.0525,-117.5045,2.6,4.50,48,"Central California"
us,b000dihm,4,"Wednesday, October 31, 2012 22:46:30 UTC",52.2734,-171.5452,4.6,62.30,137,"Fox Islands, Aleutian Islands, Alaska"
ci,15239281,2,"Wednesday, October 31, 2012 22:32:38 UTC",32.4718,-115.5565,1.6,19.80,17,"Baja California, Mexico"
nc,71872795,0,"Wednesday, October 31, 2012 22:23:32 UTC",36.3128,-120.8538,1.3,7.40,10,"Central California"
nc,71872780,0,"Wednesday, October 31, 2012 22:09:59 UTC",38.8213,-122.8002,1.1,3.90,19,"Northern California"
nc,71872775,1,"Wednesday, October 31, 2012 22:08:25 UTC",38.7628,-122.7432,1.9,1.50,26,"Northern California"
ak,10591187,1,"Wednesday, October 31, 2012 21:51:44 UTC",59.9150,-152.6601,2.4,95.70,19,"Southern Alaska"
mb,12576368,2,"Wednesday, October 31, 2012 21:42:52 UTC",47.9255,-113.8638,1.3,10.50,13,"western Montana"
us,b000did3,4,"Wednesday, October 31, 2012 21:27:05 UTC",-4.6199,153.3693,4.8,43.00,34,"New Ireland region, Papua New Guinea"
nc,71872755,0,"Wednesday, October 31, 2012 21:23:49 UTC",36.7878,-121.5253,1.2,9.60,15,"Central California"
uw,60483286,1,"Wednesday, October 31, 2012 21:13:29 UTC",49.3435,-120.4743,2.1,0.00, 5,"British Columbia, Canada"
hv,60424531,1,"Wednesday, October 31, 2012 20:53:44 UTC",19.4578,-155.2220,1.9,31.10,37,"Island of Hawaii, Hawaii"
nc,71872720,0,"Wednesday, October 31, 2012 20:38:38 UTC",36.4645,-121.0275,1.7,7.00,14,"Central California"
nc,71872685,2,"Wednesday, October 31, 2012 20:16:17 UTC",39.2315,-122.7167,1.5,6.10, 8,"Northern California"
nc,71872670,2,"Wednesday, October 31, 2012 20:02:10 UTC",39.2488,-122.7338,1.5,0.00,18,"Northern California"
nc,71872660,0,"Wednesday, October 31, 2012 19:55:12 UTC",38.8268,-122.8257,1.0,3.10,13,"Northern California"
mb,12181755,2,"Wednesday, October 31, 2012 19:53:11 UTC",47.8351,-114.7268,1.8,10.70,28,"western Montana"
uu,60003417,2,"Wednesday, October 31, 2012 19:15:54 UTC",41.1330,-112.9248,1.3,2.80,10,"Utah"
pr,12305001,0,"Wednesday, October 31, 2012 19:10:06 UTC",19.5921,-65.2776,3.2,17.00,16,"Puerto Rico region"
ci,15239217,2,"Wednesday, October 31, 2012 18:35:25 UTC",35.0485,-118.3220,1.7,0.90,55,"Southern California"
uu,60003412,4,"Wednesday, October 31, 2012 18:16:28 UTC",39.4055,-111.0677,1.7,1.60,13,"Utah"
ci,15239201,3,"Wednesday, October 31, 2012 17:56:27 UTC",33.2850,-116.7782,1.1,12.20,51,"Southern California"
mb,12655604,2,"Wednesday, October 31, 2012 17:49:51 UTC",44.9863,-112.2235,1.7,13.60,29,"western Montana"
nc,71872600,3,"Wednesday, October 31, 2012 17:45:04 UTC",36.4668,-121.0282,2.3,8.90,61,"Central California"
uu,60003407,3,"Wednesday, October 31, 2012 17:43:03 UTC",37.0455,-112.9322,1.1,17.20, 7,"Utah"
nc,71872595,2,"Wednesday, October 31, 2012 17:36:28 UTC",37.5992,-119.4007,1.8,46.30, 9,"Central California"
nc,71873220,4,"Wednesday, October 31, 2012 17:36:04 UTC",37.6213,-119.3382,1.8,40.00,16,"Central California"
ci,15239185,2,"Wednesday, October 31, 2012 17:22:07 UTC",33.4050,-117.0405,1.0,8.90,44,"Southern California"
nc,71872575,3,"Wednesday, October 31, 2012 16:57:39 UTC",39.6240,-120.0147,2.2,8.00,27,"Northern California"
nc,71872580,2,"Wednesday, October 31, 2012 16:57:39 UTC",39.6238,-120.0163,2.2,7.70,24,"Northern California"
pr,12305000,0,"Wednesday, October 31, 2012 16:40:12 UTC",18.2884,-65.4702,3.1,13.00,12,"Puerto Rico region"
us,2012hjai,5,"Wednesday, October 31, 2012 16:26:38 UTC",-30.1565,-177.7914,4.7,61.00,24,"Kermadec Islands, New Zealand"
ci,15239129,4,"Wednesday, October 31, 2012 16:06:37 UTC",34.3425,-116.8862,1.6,0.00,96,"Southern California"
nc,71872550,6,"Wednesday, October 31, 2012 15:29:52 UTC",40.9737,-123.6997,3.2,12.60,22,"Northern California"
hv,60424361,2,"Wednesday, October 31, 2012 15:19:41 UTC",19.3867,-155.2490,2.7,3.50,24,"Island of Hawaii, Hawaii"
us,2012hjah,3,"Wednesday, October 31, 2012 15:15:06 UTC",-5.3334,34.8331,4.6,10.00,23,"Tanzania"
ci,15239121,2,"Wednesday, October 31, 2012 15:13:57 UTC",32.3310,-115.3590,2.0,5.20,11,"Baja California, Mexico"
nc,71872530,0,"Wednesday, October 31, 2012 14:57:15 UTC",38.8230,-122.8057,1.2,3.00,20,"Northern California"
nc,71872525,0,"Wednesday, October 31, 2012 14:52:12 UTC",37.6432,-118.9500,1.0,7.00,13,"Long Valley area, California"
nc,71872515,3,"Wednesday, October 31, 2012 14:46:16 UTC",36.7503,-121.0985,2.3,7.10,95,"Central California"
ak,10591054,2,"Wednesday, October 31, 2012 14:21:04 UTC",53.5688,-164.8539,2.8,29.80,17,"Unimak Island region, Alaska"
nc,71872500,2,"Wednesday, October 31, 2012 13:49:59 UTC",36.0017,-120.5640,1.1,3.80,38,"Central California"
nc,71872495,1,"Wednesday, October 31, 2012 13:39:30 UTC",38.8118,-122.8285,2.0,2.50,36,"Northern California"
nc,71872480,0,"Wednesday, October 31, 2012 13:24:33 UTC",37.6437,-118.9490,1.0,7.30,17,"Long Valley area, California"
nn,00392591,9,"Wednesday, October 31, 2012 13:09:53 UTC",36.7583,-116.2617,1.4,8.80,20,"Nevada"
ak,10591041,1,"Wednesday, October 31, 2012 13:00:49 UTC",63.1422,-147.1180,1.8,7.10,14,"Central Alaska"
us,2012hjag,7,"Wednesday, October 31, 2012 13:00:14 UTC",41.7922,-127.0832,4.2,10.00,35,"off the coast of Northern California"
nc,71872470,0,"Wednesday, October 31, 2012 12:54:58 UTC",38.9720,-122.7130,1.7,2.10, 5,"Northern California"
us,b000di0g,6,"Wednesday, October 31, 2012 12:35:13 UTC",-18.6454,-177.5303,4.5,315.90,124,"Fiji region"
nm,103112a,A,"Wednesday, October 31, 2012 12:05:59 UTC",36.0873,-89.7720,2.5,6.30,25,"southeastern Missouri"
ci,15239097,3,"Wednesday, October 31, 2012 11:51:59 UTC",34.4067,-118.3878,1.4,7.30,51,"Greater Los Angeles area, California"
nc,71872375,0,"Wednesday, October 31, 2012 11:30:27 UTC",37.6452,-118.9490,1.1,7.80,16,"Long Valley area, California"
ak,10591031,1,"Wednesday, October 31, 2012 11:03:53 UTC",61.8959,-149.9797,2.1,30.80, 9,"Southern Alaska"
ci,15239081,2,"Wednesday, October 31, 2012 10:54:26 UTC",34.2315,-117.5195,1.0,13.50,53,"Southern California"
nc,71872340,7,"Wednesday, October 31, 2012 09:52:57 UTC",37.0883,-121.5030,3.2,8.10,200,"Northern California"
ci,15239041,2,"Wednesday, October 31, 2012 09:00:06 UTC",32.6820,-115.7205,1.2,5.90,18,"Southern California"
hv,60424251,2,"Wednesday, October 31, 2012 08:56:43 UTC",19.3997,-155.2665,2.1,3.40,21,"Island of Hawaii, Hawaii"
nc,71872335,2,"Wednesday, October 31, 2012 08:54:32 UTC",36.4620,-121.0357,1.1,5.60,13,"Central California"
nn,00392584,9,"Wednesday, October 31, 2012 08:47:55 UTC",39.7152,-119.4592,1.1,8.30,17,"Nevada"
nc,71872330,3,"Wednesday, October 31, 2012 08:38:35 UTC",39.3658,-123.2247,1.6,7.00,15,"Northern California"
nc,71872320,0,"Wednesday, October 31, 2012 08:26:48 UTC",38.7778,-122.7438,1.1,2.90,15,"Northern California"
ak,10591010,1,"Wednesday, October 31, 2012 08:15:59 UTC",61.5386,-146.4371,1.9,28.80,14,"Southern Alaska"
nc,71872310,2,"Wednesday, October 31, 2012 08:09:13 UTC",36.2840,-120.8423,1.6,8.80,42,"Central California"
ak,10591007,1,"Wednesday, October 31, 2012 08:06:06 UTC",61.1449,-141.3893,2.4,15.20, 6,"Southern Alaska"
nn,00392580,9,"Wednesday, October 31, 2012 08:05:27 UTC",38.0353,-118.0157,1.7,5.30,11,"Nevada"
nc,71872300,2,"Wednesday, October 31, 2012 07:57:41 UTC",36.3927,-120.9770,1.1,5.70,16,"Central California"
ak,10591002,1,"Wednesday, October 31, 2012 07:51:58 UTC",60.4664,-146.8680,1.6,19.50, 9,"Southern Alaska"
hv,60424211,2,"Wednesday, October 31, 2012 07:37:50 UTC",19.4238,-155.3083,2.0,5.10,22,"Island of Hawaii, Hawaii"
nc,71873990,2,"Wednesday, October 31, 2012 07:28:38 UTC",41.2225,-122.0403,1.1,8.10,17,"Northern California"
ci,15239017,2,"Wednesday, October 31, 2012 07:22:29 UTC",33.6447,-116.7092,1.2,18.40,70,"Southern California"
ci,15239009,2,"Wednesday, October 31, 2012 06:56:49 UTC",33.1705,-115.6032,1.0,3.80,14,"Southern California"
us,b000dhxl,4,"Wednesday, October 31, 2012 06:53:56 UTC",-2.0481,99.7135,4.9,21.30,29,"Kepulauan Mentawai region, Indonesia"
nc,71872280,2,"Wednesday, October 31, 2012 06:51:13 UTC",36.2685,-120.8470,1.2,7.60,23,"Central California"
us,b000dhxx,2,"Wednesday, October 31, 2012 06:50:01 UTC",36.0137,139.8366,4.5,46.90,39,"eastern Honshu, Japan"
nc,71872260,0,"Wednesday, October 31, 2012 06:13:50 UTC",37.6638,-118.8538,1.3,6.20,18,"Long Valley area, California"
ak,10590986,1,"Wednesday, October 31, 2012 06:02:58 UTC",60.0833,-152.7105,2.2,115.30,20,"Southern Alaska"
mb,12592005,2,"Wednesday, October 31, 2012 05:58:54 UTC",49.1556,-112.8346,2.7,5.00,27,"Alberta, Canada"
hv,60424161,1,"Wednesday, October 31, 2012 05:57:09 UTC",19.6658,-156.0272,2.1,40.30,19,"Hawaii region, Hawaii"
hv,60424151,2,"Wednesday, October 31, 2012 05:45:15 UTC",19.3998,-155.2645,1.8,3.00,17,"Island of Hawaii, Hawaii"
uw,60483081,1,"Wednesday, October 31, 2012 05:42:49 UTC",48.4875,-119.9170,2.1,0.60,11,"Washington"
ak,10590976,1,"Wednesday, October 31, 2012 05:42:37 UTC",61.5405,-140.9771,2.0,0.00,20,"Southern Yukon Territory, Canada"
nc,71872250,0,"Wednesday, October 31, 2012 05:28:17 UTC",37.4932,-118.8352,1.4,3.10,11,"Central California"
ci,15238993,2,"Wednesday, October 31, 2012 05:19:18 UTC",33.0672,-115.5902,1.1,8.90,21,"Southern California"
nc,71872245,0,"Wednesday, October 31, 2012 05:16:05 UTC",38.8478,-122.8215,1.0,2.60, 8,"Northern California"
nm,103112b,A,"Wednesday, October 31, 2012 04:54:59 UTC",36.1423,-89.4483,1.5,11.00,15,"Tennessee"
ci,15238977,2,"Wednesday, October 31, 2012 04:41:41 UTC",34.2827,-116.6062,1.0,14.10,40,"Southern California"
ak,10590966,1,"Wednesday, October 31, 2012 04:18:08 UTC",63.5503,-147.2928,1.6,7.60,10,"Central Alaska"
nc,71872220,3,"Wednesday, October 31, 2012 03:59:11 UTC",37.1562,-121.5615,1.8,2.70,60,"Northern California"
mb,12197392,2,"Wednesday, October 31, 2012 03:08:33 UTC",49.1548,-112.8300,2.8,5.00,24,"Alberta, Canada"
ak,10590950,2,"Wednesday, October 31, 2012 02:57:43 UTC",62.0449,-146.5449,4.0,40.70,72,"Central Alaska"
ci,15238961,2,"Wednesday, October 31, 2012 02:54:32 UTC",34.3125,-116.4458,1.3,7.80,58,"Southern California"
ak,10590945,1,"Wednesday, October 31, 2012 02:45:19 UTC",59.3162,-153.0343,2.2,0.00,11,"Southern Alaska"
nc,71872210,2,"Wednesday, October 31, 2012 02:40:30 UTC",36.5975,-121.2032,1.0,8.50,18,"Central California"
ci,15238945,2,"Wednesday, October 31, 2012 02:28:35 UTC",34.2303,-117.4557,1.2,12.90,46,"Southern California"
nc,71872200,3,"Wednesday, October 31, 2012 02:10:59 UTC",38.8408,-122.8298,1.5,2.60,63,"Northern California"
ci,15238929,2,"Wednesday, October 31, 2012 02:02:00 UTC",35.9540,-117.3702,1.3,6.00,32,"Central California"
ci,15238921,2,"Wednesday, October 31, 2012 01:59:32 UTC",32.6402,-115.7092,1.6,8.40,26,"Baja California, Mexico"
nn,00392570,9,"Wednesday, October 31, 2012 01:31:40 UTC",38.2545,-119.1178,1.2,6.00, 9,"Central California"
ak,10590922,1,"Wednesday, October 31, 2012 01:30:25 UTC",61.5392,-148.3802,1.2,21.10, 6,"Southern Alaska"
ak,10590914,1,"Wednesday, October 31, 2012 01:22:46 UTC",63.5429,-150.7341,1.7,3.50, 7,"Central Alaska"
nc,71872180,3,"Wednesday, October 31, 2012 00:26:18 UTC",38.7893,-122.7635,2.1,2.20,92,"Northern California"
nc,71872170,3,"Wednesday, October 31, 2012 00:22:12 UTC",38.8075,-122.7912,1.9,0.90,64,"Northern California"
ak,10590703,1,"Tuesday, October 30, 2012 23:54:14 UTC",61.4633,-150.7288,1.7,55.30, 4,"Southern Alaska"
nc,71872155,3,"Tuesday, October 30, 2012 23:48:16 UTC",38.8305,-122.8022,1.9,2.30,80,"Northern California"
nc,71872150,3,"Tuesday, October 30, 2012 23:47:10 UTC",38.8313,-122.8013,1.9,2.30,81,"Northern California"
nc,71872140,0,"Tuesday, October 30, 2012 23:40:15 UTC",37.3112,-121.6672,1.0,3.10, 9,"Northern California"
ak,10590691,1,"Tuesday, October 30, 2012 23:31:43 UTC",61.4684,-150.7643,1.6,55.90, 6,"Southern Alaska"
ci,15238881,4,"Tuesday, October 30, 2012 23:29:07 UTC",35.0348,-117.7057,1.7,0.00,21,"Southern California"
ak,10590682,1,"Tuesday, October 30, 2012 23:26:16 UTC",58.9554,-154.3551,3.2,122.70,22,"Alaska Peninsula"
hv,60424026,2,"Tuesday, October 30, 2012 23:19:09 UTC",19.4028,-155.2960,2.5,3.30,26,"Island of Hawaii, Hawaii"
ak,10590674,1,"Tuesday, October 30, 2012 23:10:10 UTC",65.0110,-147.3264,1.6,0.00, 8,"northern Alaska"
ak,10590660,1,"Tuesday, October 30, 2012 23:02:19 UTC",61.4325,-150.7248,2.9,63.30,41,"Southern Alaska"
ci,15238873,2,"Tuesday, October 30, 2012 22:56:10 UTC",34.2928,-119.2030,1.5,9.00,10,"Greater Los Angeles area, California"
us,2012hibi,5,"Tuesday, October 30, 2012 22:49:52 UTC",2.1265,127.0355,4.5,88.50,24,"Molucca Sea"
ci,15238865,2,"Tuesday, October 30, 2012 22:43:47 UTC",34.2467,-119.1290,1.1,9.90, 6,"Greater Los Angeles area, California"
nc,71872110,2,"Tuesday, October 30, 2012 22:29:35 UTC",36.3095,-120.8513,1.4,7.70,25,"Central California"
ak,10590639,1,"Tuesday, October 30, 2012 22:27:32 UTC",64.8184,-149.1092,1.1,17.70, 5,"Central Alaska"
ak,10590631,1,"Tuesday, October 30, 2012 22:23:36 UTC",61.4391,-150.6954,2.8,66.50,39,"Southern Alaska"
ak,10590622,1,"Tuesday, October 30, 2012 22:11:04 UTC",61.4765,-150.6659,1.5,50.70, 6,"Southern Alaska"
ci,15238849,2,"Tuesday, October 30, 2012 22:08:27 UTC",34.2317,-117.4498,1.1,13.50,27,"Southern California"
nc,71872090,0,"Tuesday, October 30, 2012 22:04:48 UTC",37.5227,-118.8223,1.3,4.70,15,"Central California"
ak,10590604,2,"Tuesday, October 30, 2012 22:02:46 UTC",61.4959,-150.7229,4.2,67.40,47,"Southern Alaska"
uu,60003367,3,"Tuesday, October 30, 2012 21:59:37 UTC",37.7565,-110.6658,1.8,7.10,10,"Utah"
ak,10590598,1,"Tuesday, October 30, 2012 21:43:25 UTC",63.5170,-147.9178,1.5,2.20,10,"Central Alaska"
ci,15238833,2,"Tuesday, October 30, 2012 21:16:17 UTC",34.2375,-116.8065,2.6,9.70,127,"Southern California"
uu,60003357,2,"Tuesday, October 30, 2012 21:03:11 UTC",44.6138,-110.3628,1.6,4.80, 8,"Yellowstone National Park, Wyoming"
nc,71872065,1,"Tuesday, October 30, 2012 20:46:04 UTC",38.7868,-122.7482,1.3,3.30,24,"Northern California"
nc,71872035,2,"Tuesday, October 30, 2012 19:37:50 UTC",35.4295,-120.5748,1.5,0.00,26,"Central California"
uu,60003342,2,"Tuesday, October 30, 2012 19:36:44 UTC",42.2337,-111.5505,1.4,11.50,11,"southern Idaho"
nc,71872030,0,"Tuesday, October 30, 2012 19:35:05 UTC",36.5905,-121.1973,1.7,7.60,10,"Central California"
ci,15238721,4,"Tuesday, October 30, 2012 19:17:38 UTC",34.3342,-116.8480,1.1,0.00,72,"Southern California"
nc,71872005,2,"Tuesday, October 30, 2012 19:00:20 UTC",37.4780,-118.7480,1.0,15.60,30,"Central California"
hv,60423906,2,"Tuesday, October 30, 2012 18:51:02 UTC",19.3798,-155.2845,1.7,3.00,13,"Island of Hawaii, Hawaii"
ak,10590510,1,"Tuesday, October 30, 2012 18:19:04 UTC",60.8120,-147.0283,1.3,19.60, 6,"Southern Alaska"
ak,10590501,1,"Tuesday, October 30, 2012 18:04:35 UTC",61.6184,-140.6689,3.2,16.50,24,"Southern Yukon Territory, Canada"
us,b000djt5,4,"Tuesday, October 30, 2012 17:55:12 UTC",35.5023,-97.2701,2.7,5.00, 0,"Oklahoma"
ci,15238665,4,"Tuesday, October 30, 2012 17:46:36 UTC",32.0230,-115.0135,2.4,10.00,16,"Baja California, Mexico"
ci,15238649,3,"Tuesday, October 30, 2012 17:39:31 UTC",33.3812,-116.8412,1.2,7.50,83,"Southern California"
ci,15238641,3,"Tuesday, October 30, 2012 17:35:53 UTC",33.3792,-116.8493,2.5,6.60,153,"Southern California"
us,b000dhj7,8,"Tuesday, October 30, 2012 17:33:29 UTC",52.5675,-132.3119,4.0,1.10,73,"Queen Charlotte Islands, Canada region"
ci,15238609,2,"Tuesday, October 30, 2012 17:30:14 UTC",33.6342,-116.7513,2.6,16.40,27,"Southern California"
nc,71871955,6,"Tuesday, October 30, 2012 17:25:59 UTC",37.4987,-118.5345,2.7,14.50,49,"Central California"
nc,71871950,1,"Tuesday, October 30, 2012 17:25:39 UTC",37.5008,-118.5327,1.7,13.30,23,"Central California"
us,2012hia6,5,"Tuesday, October 30, 2012 16:56:48 UTC",14.4576,146.8266,4.5,40.70,23,"Rota region, Northern Mariana Islands"
ak,10590235,1,"Tuesday, October 30, 2012 16:53:27 UTC",61.8153,-150.9426,1.9,58.20, 8,"Southern Alaska"
uu,60003312,2,"Tuesday, October 30, 2012 16:51:12 UTC",44.6170,-110.3638,1.4,4.00,10,"Yellowstone National Park, Wyoming"
ak,10590230,1,"Tuesday, October 30, 2012 16:46:55 UTC",62.1758,-150.2605,1.7,46.90, 6,"Central Alaska"
ci,15238529,2,"Tuesday, October 30, 2012 16:32:38 UTC",35.9520,-117.6738,1.4,2.20,48,"Central California"
uu,60003302,2,"Tuesday, October 30, 2012 16:30:59 UTC",44.6200,-110.3598,1.3,2.00,10,"Yellowstone National Park, Wyoming"
ci,15238521,3,"Tuesday, October 30, 2012 16:28:34 UTC",33.3805,-116.8483,2.2,6.70,131,"Southern California"
us,2012hia5,6,"Tuesday, October 30, 2012 15:22:52 UTC",-17.9785,-178.5660,4.6,623.10,202,"Fiji region"
ak,10590192,1,"Tuesday, October 30, 2012 15:16:59 UTC",61.4072,-146.4965,2.4,21.10,24,"Southern Alaska"
ak,10590190,1,"Tuesday, October 30, 2012 15:13:21 UTC",61.5903,-140.8136,2.4,0.00,11,"Southern Yukon Territory, Canada"
ci,15238473,3,"Tuesday, October 30, 2012 15:09:43 UTC",35.9518,-117.6615,2.9,3.20,24,"Central California"
us,2012hia4,A,"Tuesday, October 30, 2012 14:10:59 UTC",52.2854,-131.9477,4.6,10.00,229,"Queen Charlotte Islands, Canada region"
nc,71871865,3,"Tuesday, October 30, 2012 13:51:05 UTC",37.4120,-118.5995,2.1,11.90,42,"Central California"
ak,10590168,1,"Tuesday, October 30, 2012 13:45:10 UTC",59.7873,-152.4823,2.6,65.70,17,"Southern Alaska"
us,b000dhdf,8,"Tuesday, October 30, 2012 13:12:29 UTC",-37.9492,177.6807,5.2,67.80,57,"off the east coast of the North Island of New Zealand"
ak,10590159,1,"Tuesday, October 30, 2012 13:12:29 UTC",59.8631,-154.1849,2.8,199.20,13,"Southern Alaska"
uu,60003287,2,"Tuesday, October 30, 2012 13:10:45 UTC",44.6117,-110.3818,1.5,4.40,18,"Yellowstone National Park, Wyoming"
ci,15238369,2,"Tuesday, October 30, 2012 13:00:50 UTC",33.3890,-116.8390,1.2,6.20,50,"Southern California"
ci,15238361,2,"Tuesday, October 30, 2012 12:55:44 UTC",33.3820,-116.8458,1.9,7.30,59,"Southern California"
nc,71871840,0,"Tuesday, October 30, 2012 12:53:55 UTC",38.7672,-122.7418,1.1,1.90,16,"Northern California"
us,b000dhcq,7,"Tuesday, October 30, 2012 12:53:40 UTC",12.5542,-87.9610,4.6,87.80,18,"near the coast of Nicaragua"
us,b000dhcp,5,"Tuesday, October 30, 2012 12:53:05 UTC",-24.7425,-179.6159,4.7,541.20,40,"south of the Fiji Islands"
ci,15238353,2,"Tuesday, October 30, 2012 12:52:32 UTC",34.0942,-117.2005,1.1,10.70,28,"Greater Los Angeles area, California"
uu,60003282,4,"Tuesday, October 30, 2012 12:52:17 UTC",44.6120,-110.3850,2.0,1.60,18,"Yellowstone National Park, Wyoming"
nc,71871825,1,"Tuesday, October 30, 2012 12:44:22 UTC",38.8148,-122.8187,1.5,3.40,31,"Northern California"
us,b000dhc8,7,"Tuesday, October 30, 2012 12:18:20 UTC",6.8357,-73.0563,4.4,148.20,88,"northern Colombia"
ak,10590146,1,"Tuesday, October 30, 2012 12:07:27 UTC",63.0427,-149.8422,2.0,47.40, 7,"Central Alaska"
uu,60003277,2,"Tuesday, October 30, 2012 11:58:35 UTC",44.6162,-110.3635,2.0,4.20, 9,"Yellowstone National Park, Wyoming"
us,b000dhbu,7,"Tuesday, October 30, 2012 11:43:54 UTC",-5.3411,102.7284,4.7,41.90,58,"southern Sumatra, Indonesia"
nn,00392475,9,"Tuesday, October 30, 2012 11:39:16 UTC",38.6954,-119.4862,1.1,9.20,13,"Nevada"
ak,10590138,1,"Tuesday, October 30, 2012 11:13:45 UTC",61.6936,-149.7714,1.3,48.40, 8,"Southern Alaska"
nc,71871805,1,"Tuesday, October 30, 2012 11:06:43 UTC",38.8275,-122.7960,1.6,3.40,36,"Northern California"
us,b000dhbt,4,"Tuesday, October 30, 2012 10:59:33 UTC",-18.2193,-174.8094,5.1,9.80,243,"Tonga"
ci,15238337,2,"Tuesday, October 30, 2012 10:47:17 UTC",33.3828,-116.8497,1.7,7.10,94,"Southern California"
ci,15238329,2,"Tuesday, October 30, 2012 10:32:50 UTC",33.4870,-116.5523,1.4,11.30,29,"Southern California"
ak,10590131,2,"Tuesday, October 30, 2012 10:20:08 UTC",51.7440,-178.5528,2.4,31.40,16,"Andreanof Islands, Aleutian Islands, Alaska"
ci,15238321,3,"Tuesday, October 30, 2012 10:19:54 UTC",32.9060,-117.6928,1.7,11.40,28,"Gulf of Santa Catalina, California"
us,b000dhbn,3,"Tuesday, October 30, 2012 10:11:40 UTC",53.3912,108.0662,4.5,17.90,27,"Lake Baykal region, Russia"
ak,10590124,2,"Tuesday, October 30, 2012 10:02:51 UTC",63.0865,-151.6040,2.9,15.00,26,"Central Alaska"
ci,15238297,3,"Tuesday, October 30, 2012 09:53:51 UTC",33.9698,-116.7060,1.6,18.60,101,"Southern California"
nc,71871785,1,"Tuesday, October 30, 2012 09:41:11 UTC",38.8162,-122.8148,1.3,3.60,31,"Northern California"
pr,12304002,0,"Tuesday, October 30, 2012 09:40:47 UTC",18.7910,-64.4947,2.6,41.00, 3,"Virgin Islands region"
ci,15238289,2,"Tuesday, October 30, 2012 09:15:23 UTC",35.9627,-117.6685,1.8,3.20,38,"Central California"
ak,10590116,2,"Tuesday, October 30, 2012 09:01:59 UTC",52.9009,-163.7447,2.6,23.30,12,"south of Alaska"
ci,15238281,2,"Tuesday, October 30, 2012 08:53:14 UTC",33.4868,-115.8272,1.5,6.80,67,"Southern California"
us,b000dh9g,5,"Tuesday, October 30, 2012 08:44:21 UTC",2.7386,128.6643,4.4,224.50,36,"Halmahera, Indonesia"
ci,15238273,2,"Tuesday, October 30, 2012 08:38:04 UTC",35.8210,-117.6648,1.0,2.30,21,"Central California"
us,b000dh92,8,"Tuesday, October 30, 2012 08:09:26 UTC",36.6623,26.5080,4.2,157.00,33,"Dodecanese Islands, Greece"
nc,71871745,0,"Tuesday, October 30, 2012 08:09:06 UTC",36.5990,-121.2110,1.9,8.30,14,"Central California"
nc,71871740,5,"Tuesday, October 30, 2012 08:01:00 UTC",36.6037,-121.2118,2.9,8.70,82,"Central California"
pr,12304004,0,"Tuesday, October 30, 2012 07:57:38 UTC",19.5580,-65.2707,3.1,7.00, 5,"Puerto Rico region"
ci,15238249,2,"Tuesday, October 30, 2012 07:55:17 UTC",36.1005,-117.8710,1.0,5.80,15,"Central California"
pr,12304003,0,"Tuesday, October 30, 2012 07:45:30 UTC",19.4062,-65.2758,3.3,57.00, 5,"Puerto Rico region"
ci,15238241,2,"Tuesday, October 30, 2012 07:43:24 UTC",32.2458,-115.2638,1.9,19.80,11,"Baja California, Mexico"
hv,60423741,2,"Tuesday, October 30, 2012 07:41:43 UTC",19.3857,-155.2460,2.1,3.40,19,"Island of Hawaii, Hawaii"
pr,12304001,0,"Tuesday, October 30, 2012 07:34:59 UTC",19.2478,-64.1149,3.2,93.00, 4,"Virgin Islands region"
nc,71871725,4,"Tuesday, October 30, 2012 07:29:00 UTC",34.6570,-121.3065,2.6,11.30,53,"offshore Central California"
us,b000dh8b,6,"Tuesday, October 30, 2012 07:12:35 UTC",-17.9166,-178.5917,4.9,560.70,336,"Fiji region"
us,b000dh88,7,"Tuesday, October 30, 2012 07:12:29 UTC",-4.6151,151.8636,5.2,156.70,124,"New Britain region, Papua New Guinea"
hv,60410822,2,"Tuesday, October 30, 2012 07:10:30 UTC",19.3897,-155.2520,2.1,3.40,16,"Island of Hawaii, Hawaii"
nc,71871715,0,"Tuesday, October 30, 2012 07:05:01 UTC",36.3893,-120.8983,1.4,18.90, 7,"Central California"
nc,71871710,3,"Tuesday, October 30, 2012 06:59:52 UTC",36.0362,-120.6033,1.7,1.20,54,"Central California"
ak,10590088,1,"Tuesday, October 30, 2012 06:55:44 UTC",63.2287,-152.0035,1.1,30.50, 5,"Central Alaska"
nc,71871700,3,"Tuesday, October 30, 2012 06:37:23 UTC",38.7882,-122.7493,2.1,3.90,92,"Northern California"
nc,71871695,1,"Tuesday, October 30, 2012 06:35:03 UTC",38.8373,-122.8268,1.6,2.50,29,"Northern California"
ak,10590075,1,"Tuesday, October 30, 2012 06:30:19 UTC",60.6371,-151.1545,2.7,18.80,34,"Kenai Peninsula, Alaska"
nc,71871690,2,"Tuesday, October 30, 2012 06:13:40 UTC",36.4588,-121.0405,1.8,5.00,43,"Central California"
nc,71871685,3,"Tuesday, October 30, 2012 06:09:18 UTC",36.4595,-121.0378,2.7,6.50,73,"Central California"
nc,71871680,0,"Tuesday, October 30, 2012 06:05:43 UTC",37.5222,-118.8218,1.5,3.90,19,"Central California"
ak,10590068,2,"Tuesday, October 30, 2012 06:00:49 UTC",60.4677,-151.4136,1.5,57.20, 9,"Kenai Peninsula, Alaska"
nc,71871670,1,"Tuesday, October 30, 2012 05:56:21 UTC",38.7902,-122.7295,1.8,2.20,29,"Northern California"
hv,60410772,1,"Tuesday, October 30, 2012 05:54:29 UTC",19.3198,-155.4717,1.9,7.50,25,"Island of Hawaii, Hawaii"
ak,10590050,1,"Tuesday, October 30, 2012 05:50:13 UTC",62.8321,-149.5134,2.9,0.00,49,"Central Alaska"
nc,71871665,1,"Tuesday, October 30, 2012 05:50:11 UTC",36.3105,-120.8540,1.9,7.60,21,"Central California"
hv,60410767,2,"Tuesday, October 30, 2012 05:44:29 UTC",19.3960,-155.2643,2.0,3.40,14,"Island of Hawaii, Hawaii"
nc,71871660,0,"Tuesday, October 30, 2012 05:40:45 UTC",36.6033,-121.2127,1.7,8.70, 9,"Central California"
ak,10590044,1,"Tuesday, October 30, 2012 05:40:34 UTC",61.1810,-152.8222,2.3,9.90, 8,"Southern Alaska"
us,b000dh6g,5,"Tuesday, October 30, 2012 05:22:17 UTC",-23.0010,-69.7080,4.4,75.70,37,"Antofagasta, Chile"
ak,10590039,1,"Tuesday, October 30, 2012 05:18:46 UTC",61.2233,-152.3777,2.0,0.00, 7,"Southern Alaska"
uu,60003262,4,"Tuesday, October 30, 2012 05:12:45 UTC",39.4052,-111.0743,1.4,1.60, 9,"Utah"
nc,71871640,0,"Tuesday, October 30, 2012 04:57:18 UTC",36.5945,-121.2050,1.9,7.50,13,"Central California"
nc,71871635,0,"Tuesday, October 30, 2012 04:51:06 UTC",38.8237,-122.8128,1.0,3.50,13,"Northern California"
nc,71871630,2,"Tuesday, October 30, 2012 04:43:15 UTC",39.3370,-122.8888,1.3,17.60, 5,"Northern California"
us,b000dh61,7,"Tuesday, October 30, 2012 04:40:15 UTC",52.1697,-131.6040,4.7,10.20,320,"Queen Charlotte Islands, Canada region"
mb,12696048,2,"Tuesday, October 30, 2012 04:34:52 UTC",46.2518,-116.0360,1.8,12.50,18,"northern Idaho"
hv,60410732,1,"Tuesday, October 30, 2012 04:25:59 UTC",19.4852,-155.4465,1.9,7.50,18,"Island of Hawaii, Hawaii"
ak,10590013,1,"Tuesday, October 30, 2012 04:02:53 UTC",63.9351,-144.9409,1.9,24.70, 5,"Central Alaska"
nn,00392460,9,"Tuesday, October 30, 2012 03:33:41 UTC",38.0560,-118.8847,1.7,3.20,19,"Central California"
uw,60482646,3,"Tuesday, October 30, 2012 03:31:02 UTC",49.0452,-122.5993,1.8,13.80,32,"British Columbia, Canada"
nc,71871590,2,"Tuesday, October 30, 2012 03:21:09 UTC",36.0002,-120.5595,1.5,3.50,48,"Central California"
nc,71871585,2,"Tuesday, October 30, 2012 03:12:02 UTC",37.6165,-119.0450,1.1,20.30,29,"Central California"
pr,12304000,0,"Tuesday, October 30, 2012 03:07:43 UTC",19.0835,-65.1455,2.9,33.00, 8,"Virgin Islands region"
hv,60410692,2,"Tuesday, October 30, 2012 02:58:31 UTC",19.4005,-155.2583,2.6,2.10,25,"Island of Hawaii, Hawaii"
us,b000dh4r,4,"Tuesday, October 30, 2012 02:55:15 UTC",52.4841,-131.4856,5.0,5.10,81,"Queen Charlotte Islands, Canada region"
nc,71871575,1,"Tuesday, October 30, 2012 02:50:53 UTC",38.8098,-122.8248,1.4,1.70,27,"Northern California"
us,b000dh4i,7,"Tuesday, October 30, 2012 02:49:02 UTC",52.3236,-131.9077,6.2,9.70,400,"Queen Charlotte Islands, Canada region"
hv,60410677,1,"Tuesday, October 30, 2012 02:45:10 UTC",19.2457,-155.4338,1.9,32.60,19,"Island of Hawaii, Hawaii"
nc,71871570,2,"Tuesday, October 30, 2012 02:36:44 UTC",37.6202,-119.0365,1.6,20.40,31,"Central California"
hv,60423541,2,"Tuesday, October 30, 2012 02:29:22 UTC",19.4078,-155.3092,2.1,4.20,28,"Island of Hawaii, Hawaii"
ak,10589974,1,"Tuesday, October 30, 2012 02:20:36 UTC",65.3144,-147.1958,1.0,50.10, 4,"northern Alaska"
us,b000dh4b,5,"Tuesday, October 30, 2012 02:17:33 UTC",36.3619,70.8019,4.3,185.30,17,"Hindu Kush region, Afghanistan"
nc,71871565,0,"Tuesday, October 30, 2012 02:09:32 UTC",38.8177,-122.8147,1.1,2.40,20,"Northern California"
ak,10589965,1,"Tuesday, October 30, 2012 01:34:29 UTC",61.5344,-140.9680,2.0,0.00, 8,"Southern Yukon Territory, Canada"
ak,10589955,1,"Tuesday, October 30, 2012 01:17:22 UTC",63.1095,-151.4480,1.7,14.20,11,"Central Alaska"
hv,60423481,2,"Tuesday, October 30, 2012 01:05:52 UTC",19.4187,-155.2398,1.8,3.50,10,"Island of Hawaii, Hawaii"
nc,71871530,0,"Tuesday, October 30, 2012 00:48:10 UTC",37.5347,-118.9952,1.6,2.10, 8,"Central California"
us,b000dh2m,5,"Tuesday, October 30, 2012 00:41:33 UTC",-36.2027,-100.2501,4.6,10.00,33,"southeast of Easter Island"
hv,60423466,3,"Tuesday, October 30, 2012 00:35:12 UTC",19.3988,-155.2710,1.9,1.60,30,"Island of Hawaii, Hawaii"
us,2012hiac,A,"Tuesday, October 30, 2012 00:35:10 UTC",52.4119,-131.6454,4.1,10.00,117,"Queen Charlotte Islands, Canada region"
ci,15238161,3,"Tuesday, October 30, 2012 00:34:16 UTC",33.8850,-115.9905,2.5,2.80,142,"Southern California"
us,b000dh25,6,"Tuesday, October 30, 2012 00:32:18 UTC",52.4669,-132.1264,4.0,10.40,144,"Queen Charlotte Islands, Canada region"
nc,71871520,2,"Tuesday, October 30, 2012 00:21:51 UTC",36.2943,-120.8438,1.2,7.50,12,"Central California"
nc,71871515,2,"Tuesday, October 30, 2012 00:15:37 UTC",37.6245,-119.0427,1.6,21.90,31,"Central California"
nn,00392443,9,"Monday, October 29, 2012 23:55:46 UTC",40.8470,-118.5975,1.7,8.70, 6,"Nevada"
ak,10589810,1,"Monday, October 29, 2012 23:53:02 UTC",62.4185,-151.2992,1.8,38.20, 6,"Central Alaska"
us,b000dh1g,5,"Monday, October 29, 2012 23:51:42 UTC",-8.1762,123.4122,4.7,19.60,32,"Flores region, Indonesia"
hv,60423446,2,"Monday, October 29, 2012 23:46:31 UTC",19.3980,-155.2613,1.9,3.20,12,"Island of Hawaii, Hawaii"
uu,60003237,4,"Monday, October 29, 2012 23:46:06 UTC",39.4118,-111.0780,2.1,1.70,17,"Utah"
nc,71871490,3,"Monday, October 29, 2012 23:43:01 UTC",38.8307,-122.7783,1.6,1.80,54,"Northern California"
nc,71871485,3,"Monday, October 29, 2012 23:40:59 UTC",36.0188,-121.0268,2.1,11.70,88,"Central California"
us,b000dh1b,5,"Monday, October 29, 2012 23:40:16 UTC",-8.1632,123.4525,4.7,9.10,37,"Flores region, Indonesia"
nc,71871475,2,"Monday, October 29, 2012 23:30:00 UTC",37.6325,-119.0433,1.5,22.90,27,"Central California"
ak,10589797,1,"Monday, October 29, 2012 23:24:23 UTC",61.0170,-146.9050,1.5,27.30,10,"Southern Alaska"
ak,10589787,1,"Monday, October 29, 2012 23:07:12 UTC",64.9966,-147.3452,1.7,3.60,16,"Central Alaska"
uw,60482586,1,"Monday, October 29, 2012 23:05:15 UTC",49.4090,-120.5055,1.5,0.00, 7,"British Columbia, Canada"
uu,60003222,2,"Monday, October 29, 2012 23:02:35 UTC",39.3990,-111.0718,1.8,1.30, 8,"Utah"
nc,71871455,2,"Monday, October 29, 2012 22:59:26 UTC",37.6253,-119.0365,1.1,20.30,24,"Central California"
hv,60423421,3,"Monday, October 29, 2012 22:50:46 UTC",19.4138,-155.3092,2.0,4.90,42,"Island of Hawaii, Hawaii"
ak,10589772,2,"Monday, October 29, 2012 22:42:15 UTC",51.4274,-177.8460,1.8,25.80,12,"Andreanof Islands, Aleutian Islands, Alaska"
us,b000dh0a,8,"Monday, October 29, 2012 22:41:13 UTC",-15.2632,-172.9336,4.7,34.20,139,"Samoa Islands region"
ak,10589768,1,"Monday, October 29, 2012 22:37:34 UTC",61.5886,-146.5766,1.3,25.70, 8,"Southern Alaska"
nc,71871440,2,"Monday, October 29, 2012 22:36:42 UTC",37.6183,-119.0338,1.0,20.70,27,"Central California"
ak,10589761,1,"Monday, October 29, 2012 22:27:38 UTC",64.6320,-149.3688,1.1,15.10, 7,"Central Alaska"
ak,10589748,1,"Monday, October 29, 2012 22:23:42 UTC",62.1591,-148.8141,2.9,20.50,56,"Central Alaska"
ci,15238137,2,"Monday, October 29, 2012 22:16:11 UTC",33.1730,-115.6512,1.1,4.40,11,"Southern California"
us,b000dgys,4,"Monday, October 29, 2012 22:00:33 UTC",52.6159,-132.2603,4.3,10.30,215,"Queen Charlotte Islands, Canada region"
ak,10589729,1,"Monday, October 29, 2012 22:00:17 UTC",61.5645,-140.6825,3.0,15.60,31,"Southern Yukon Territory, Canada"
ak,10589721,1,"Monday, October 29, 2012 21:52:17 UTC",61.3166,-141.6448,2.5,17.40, 4,"Southern Alaska"
us,b000dgy9,8,"Monday, October 29, 2012 21:46:58 UTC",3.2534,121.8809,4.3,604.50,35,"Celebes Sea"
ak,10589710,2,"Monday, October 29, 2012 21:41:33 UTC",61.4552,-141.1294,3.9,10.00,16,"Southern Alaska"
us,b000dgxf,6,"Monday, October 29, 2012 21:20:35 UTC",-4.7517,153.1616,4.9,81.70,90,"New Ireland region, Papua New Guinea"
nn,00392423,9,"Monday, October 29, 2012 21:17:08 UTC",38.4928,-118.3689,1.3,6.10, 9,"Nevada"
ak,10589691,1,"Monday, October 29, 2012 21:15:28 UTC",61.3998,-141.2013,2.2,0.20,12,"Southern Alaska"
ak,10589685,1,"Monday, October 29, 2012 21:13:12 UTC",61.1671,-142.1184,1.0,32.30, 4,"Southern Alaska"
ak,10589682,1,"Monday, October 29, 2012 21:09:51 UTC",61.6962,-141.2191,1.9,38.60, 5,"Southern Alaska"
nc,71871365,2,"Monday, October 29, 2012 21:09:38 UTC",37.6332,-119.0373,1.0,22.50,20,"Long Valley area, California"
ak,10589689,1,"Monday, October 29, 2012 21:06:26 UTC",60.1014,-147.9402,1.9,35.60, 7,"Southern Alaska"
ak,10589678,2,"Monday, October 29, 2012 21:06:07 UTC",61.4219,-141.1462,2.5,10.00,13,"Southern Alaska"
ci,15238121,2,"Monday, October 29, 2012 20:58:08 UTC",35.9972,-118.4545,1.4,2.80,43,"Central California"
us,b000dgvz,6,"Monday, October 29, 2012 20:49:49 UTC",52.3658,-131.4589,4.6,26.60,289,"Queen Charlotte Islands, Canada region"
ak,10589657,1,"Monday, October 29, 2012 20:49:31 UTC",64.2881,-149.8790,1.2,17.10, 6,"Central Alaska"
ak,10589652,1,"Monday, October 29, 2012 20:35:30 UTC",61.9882,-149.9866,1.6,41.10,13,"Southern Alaska"
ci,15238081,0,"Monday, October 29, 2012 20:30:18 UTC",33.0258,-116.4343,1.1,6.50,27,"Southern California"
ak,10589643,1,"Monday, October 29, 2012 20:19:01 UTC",59.7167,-152.0887,1.4,17.90, 4,"Southern Alaska"
ak,10589639,1,"Monday, October 29, 2012 20:14:58 UTC",60.6535,-147.4738,1.4,12.10, 5,"Southern Alaska"
